1,1,None,None
2,2,None,None
3,3,None,None
4,4,1,1
5,5,1,1
6,6,1,1
7,7,1,1
8,8,1,1
9,9,1,1
10,10,1,1
11,11,1,1
12,12,1,1
13,13,1,1
14,14,1,1
15,15,1,1
16,16,1,1
17,17,1,1
18,18,1,1
19,19,1,1
20,20,1,1
21,21,1,1
22,22,1,1
23,23,1,1
24,24,None,None
25,25,1,1
26,26,1,1
27,27,1,1
28,28,1,1
29,29,1,1
30,30,1,1
31,31,1,1
32,32,1,1
33,33,1,1
34,34,1,1
35,35,1,1
36,36,1,1
37,37,1,1
38,38,1,1
39,39,1,1
40,40,1,1
41,41,1,1
42,42,1,1
43,43,1,1
44,44,1,1
45,45,1,1
46,46,1,1
47,47,1,1
48,48,1,1
49,49,1,1
50,50,1,1
51,51,1,1
52,52,1,1
53,53,1,1
54,54,1,1
55,55,1,1
56,56,1,1
57,57,1,1
58,58,1,1
59,59,1,1
60,60,1,1
61,61,1,1
62,62,1,1
63,63,1,1
64,64,1,1
65,65,1,1
66,66,1,1
67,67,1,1
68,68,1,1
69,69,1,1
70,70,1,1
71,71,1,1
72,72,1,1
73,73,1,1
74,74,1,1
75,75,1,1
76,76,1,1
77,77,1,1
78,78,1,1
79,79,1,1
80,80,1,1
81,81,1,1
82,82,1,1
83,83,1,1
84,84,1,1
85,85,1,1
86,86,1,1
87,87,None,None
88,88,1,1
89,89,1,1
90,90,1,1
91,91,1,1
92,92,1,1
93,93,1,1
94,94,1,1
95,95,1,1
96,96,1,1
97,97,1,1
98,98,1,1
99,99,1,1
100,100,1,1
101,101,1,1
102,102,1,1
103,103,1,1
104,104,1,1
105,105,1,1
106,106,1,1
107,107,1,1
108,108,1,1
109,109,1,1
110,110,1,1
111,111,1,1
112,112,1,1
113,113,1,1
114,114,1,1
115,115,1,1
116,116,1,1
117,117,1,1
118,118,1,1
119,119,1,1
120,120,1,1
121,121,1,1
122,122,1,1
123,123,1,1
124,124,1,1
125,125,1,1
126,126,1,1
127,127,1,1
128,128,1,1
129,129,1,1
130,130,1,1
131,131,None,None
132,132,1,1
133,133,1,1
134,134,1,1
135,135,1,1
136,136,1,1
137,137,1,1
138,138,1,1
139,139,1,1
140,140,1,1
141,141,1,1
142,142,1,1
143,143,1,1
144,144,1,1
145,145,1,1
146,146,1,1
147,147,1,1
148,148,1,1
149,149,1,1
150,150,1,1
151,151,1,1
152,152,1,1
153,153,1,1
154,154,1,1
155,155,1,1
156,156,1,1
157,157,1,1
158,158,1,1
159,159,1,1
160,160,1,1
161,161,1,1
162,162,1,1
163,163,1,1
164,164,1,1
165,165,1,1
166,166,1,1
167,167,1,1
168,168,None,1
169,169,1,1
170,170,1,1
171,171,1,1
172,172,1,1
173,173,1,1
174,174,1,1
175,175,1,1
176,176,1,1
177,177,1,1
178,178,1,1
179,179,1,1
180,180,1,1
181,181,13,2
182,182,1,1
183,183,4,None
184,184,1,1
185,185,13,1
186,186,1,1
187,187,13,1
188,188,1,1
189,189,1,1
190,190,1,1
191,191,1,1
192,192,1,1
193,193,1,1
194,194,1,1
195,195,1,1
196,196,1,1
197,197,1,1
198,198,1,1
199,199,1,1
200,200,1,1
201,201,1,1
202,202,1,1
203,203,1,1
204,204,1,1
205,205,1,1
206,206,1,1
207,207,1,1
208,208,1,1
209,209,1,1
210,210,1,1
211,211,1,1
212,212,1,1
213,213,1,1
214,214,1,1
215,215,1,1
216,216,11,2
217,217,1,1
218,218,1,1
219,219,1,1
220,220,1,1
221,221,1,1
222,222,1,1
223,223,1,1
224,224,1,1
225,225,1,1
226,226,1,1
227,227,1,1
228,228,1,1
229,229,1,1
230,230,1,1
231,231,1,1
232,232,1,1
233,233,1,1
234,234,1,1
235,235,1,1
236,236,1,1
237,237,1,1
238,238,1,1
239,239,1,1
240,240,1,1
241,241,1,1
242,242,1,1
243,243,1,1
244,244,1,1
245,245,1,1
246,246,1,1
247,247,1,1
248,248,1,1
249,249,1,1
250,250,1,1
251,251,1,1
252,252,1,1
253,253,1,1
254,254,1,1
255,255,1,1
256,256,1,1
257,257,1,1
258,258,1,1
259,259,1,1
260,260,1,1
261,261,1,1
262,262,1,1
263,263,1,1
264,264,1,1
265,265,1,1
266,266,1,1
267,267,1,1
268,268,1,1
269,269,1,1
270,270,1,1
271,271,1,1
272,272,1,1
273,273,1,1
274,274,1,1
275,275,1,1
276,276,1,1
277,277,1,1
278,278,1,1
279,279,1,1
280,280,1,1
281,281,1,1
282,282,1,1
283,283,1,1
284,284,None,None
285,285,12,1
286,286,1,1
287,287,None,None
288,288,None,None
289,289,None,None
290,290,None,None
291,291,1,1
292,292,None,None
293,293,None,None
294,294,None,None
295,295,None,None
296,296,1,1
297,297,None,None
298,298,None,None
299,299,None,None
300,300,None,None
301,301,None,None
302,302,None,None
303,303,None,None
304,304,None,None
305,305,None,None
306,306,None,None
307,307,None,None
308,308,None,None
309,309,None,None
310,310,None,None
311,311,None,None
312,312,None,None
313,313,None,None
314,314,None,None
315,315,None,None
316,316,None,None
317,317,None,None
318,318,None,None
319,319,None,None
320,320,None,None
321,321,1,1
322,322,None,None
323,323,None,None
324,324,None,None
325,325,None,None
326,326,None,None
327,327,None,None
328,328,None,None
329,329,1,1
330,330,None,None
331,331,None,None
332,332,None,None
333,333,None,None
334,334,None,None
335,335,None,None
336,336,None,None
337,337,1,1
338,338,1,1
339,339,1,1
340,340,1,1
341,341,1,1
342,342,1,1
343,343,1,1
344,344,1,1
345,345,1,1
346,346,1,1
347,347,1,1
348,348,1,1
349,349,1,1
350,350,1,1
351,351,1,1
352,352,1,1
353,353,1,1
354,354,1,1
355,355,1,1
356,356,1,1
357,357,1,1
358,358,1,1
359,359,1,1
360,360,1,1
361,361,1,1
362,362,1,1
363,363,1,1
364,364,1,1
365,365,1,1
366,366,1,1
367,367,1,1
368,368,1,1
369,369,None,None
370,370,None,None
371,371,None,None
372,372,None,None
373,373,None,None
374,374,None,None
375,375,None,None
376,376,None,None
377,377,None,None
378,378,None,None
379,379,None,None
380,380,None,None
381,381,None,None
382,382,None,None
383,383,11,2
384,384,1,1
385,385,1,1
386,386,1,1
387,387,1,1
388,388,1,1
389,389,4,1
390,390,1,1
391,391,1,1
392,392,1,1
393,393,1,1
394,394,1,1
395,395,1,1
396,396,12,1
397,397,1,1
398,398,1,1
399,399,1,1
400,400,1,1
401,401,1,1
402,402,1,1
403,403,1,1
404,404,1,1
405,405,1,1
406,406,1,1
407,407,1,1
408,408,1,1
409,409,1,1
410,410,1,1
411,411,1,1
412,412,1,1
413,413,12,1
414,414,1,1
415,415,1,1
416,416,1,1
417,417,1,1
418,418,1,1
419,419,1,1
420,420,1,1
421,421,1,1
422,422,1,1
423,423,1,1
424,424,1,1
425,425,1,1
426,426,1,1
427,427,1,1
428,428,1,1
429,429,1,1
430,430,1,1
431,431,1,1
432,432,4,1
433,433,1,1
434,434,1,1
435,435,1,1
436,436,1,1
437,437,1,1
438,438,1,1
439,439,1,1
440,440,1,1
441,441,1,1
442,442,1,1
443,443,1,1
444,444,1,1
445,445,1,1
446,446,1,1
447,447,1,1
448,448,1,1
449,449,1,1
450,450,1,1
451,451,1,1
452,452,1,1
453,453,1,1
454,454,1,1
455,455,1,1
456,456,1,1
457,457,1,1
458,458,1,1
459,459,1,1
460,460,1,1
461,461,1,1
462,462,1,1
463,463,1,1
464,464,1,1
465,465,1,1
466,466,1,1
467,467,1,1
468,468,1,1
469,469,1,1
470,470,1,1
471,471,1,1
472,472,1,1
473,473,1,1
474,474,1,1
475,475,1,1
476,476,1,1
477,477,1,1
478,478,1,1
479,479,1,1
480,480,1,1
481,481,1,1
482,482,1,1
483,483,1,1
484,484,1,1
485,485,1,1
486,486,1,1
487,487,1,1
488,488,1,1
489,489,1,1
490,490,1,1
491,491,1,1
492,492,1,1
493,493,1,1
494,494,1,1
495,495,1,1
496,496,1,1
497,497,1,1
498,498,1,1
499,499,1,1
500,500,1,1
501,501,1,1
502,502,1,1
503,503,1,1
504,504,1,1
505,505,1,1
506,506,1,1
507,507,1,1
508,508,1,1
509,509,1,1
510,510,1,1
511,511,1,1
512,512,1,1
513,513,1,1
514,514,1,1
515,515,1,1
516,516,1,1
517,517,1,1
518,518,1,1
519,519,1,1
520,520,1,1
521,521,1,1
522,522,1,1
523,523,1,1
524,524,1,1
525,525,1,1
526,526,1,1
527,527,1,1
528,528,1,1
529,529,1,1
530,530,1,1
531,531,1,1
532,532,1,1
533,533,1,1
534,534,1,1
535,535,1,1
536,536,1,1
537,537,1,1
538,538,1,1
539,539,1,1
540,540,1,1
541,541,1,1
542,542,1,1
543,543,1,1
544,544,1,5
545,545,9,1
546,546,1,1
547,547,1,1
548,548,1,1
549,549,1,1
550,550,1,1
551,551,1,1
552,552,1,1
553,553,1,1
554,554,1,1
555,555,1,1
556,556,1,1
557,557,1,1
558,558,1,1
559,559,1,1
560,560,1,1
561,561,1,1
562,562,9,1
563,563,1,1
564,564,1,1
565,565,1,1
566,566,1,1
567,567,None,None
568,568,1,1
569,569,None,None
570,570,None,None
571,571,None,None
572,572,None,None
573,573,None,None
574,574,None,None
575,575,None,None
576,576,1,1
577,577,1,1
578,578,1,1
579,579,1,1
580,580,1,1
581,581,4,2
582,582,1,1
583,583,1,1
584,584,1,1
585,585,1,1
586,586,1,1
587,587,1,1
588,588,1,1
589,589,1,1
590,590,1,1
591,591,1,1
592,592,4,2
593,593,1,1
594,594,1,1
595,595,1,1
596,596,1,1
597,597,1,1
598,598,1,1
599,599,1,1
600,600,1,1
601,601,1,1
602,602,1,1
603,603,1,1
604,604,1,1
605,605,1,1
606,606,1,1
607,607,1,1
608,608,1,1
609,609,1,1
610,610,1,1
611,611,1,1
612,612,1,1
613,613,1,1
614,614,1,1
615,615,1,1
616,616,1,1
617,617,1,1
618,618,1,1
619,619,1,1
620,620,1,1
621,621,1,1
622,622,1,1
623,623,1,1
624,624,1,1
625,625,1,1
626,626,1,1
627,627,1,1
628,628,1,1
629,629,1,1
630,630,1,1
631,631,1,1
632,632,1,1
633,633,1,1
634,634,1,1
635,635,1,None
636,636,1,1
637,637,1,1
638,638,1,1
639,639,None,None
640,640,None,None
641,641,None,None
642,642,None,None
643,643,None,None
644,644,1,1
645,645,1,1
646,646,1,1
647,647,1,1
648,648,1,1
649,649,1,1
650,650,1,1
651,651,1,1
652,652,1,1
653,653,1,1
654,654,1,1
655,655,1,1
656,656,1,1
657,657,1,1
658,658,1,1
659,659,1,1
660,660,1,1
661,661,1,1
662,662,1,1
663,663,1,1
664,664,1,1
665,665,1,1
666,666,1,1
667,667,1,1
668,668,1,1
669,669,1,1
670,670,1,1
671,671,1,1
672,672,1,1
673,673,1,1
674,674,1,1
675,675,1,1
676,676,1,1
677,677,4,2
678,678,1,1
679,679,None,None
680,680,1,1
681,681,1,1
682,682,1,1
683,683,1,1
684,684,1,1
685,685,4,1
686,686,None,None
687,687,None,None
688,688,None,None
689,689,None,None
690,690,None,None
691,691,None,None
692,692,1,1
693,693,1,1
694,694,None,1
695,695,1,1
696,696,1,1
697,697,None,1
698,698,1,1
699,699,1,1
700,700,1,1
701,701,1,1
702,702,1,1
703,703,None,None
704,704,1,1
705,705,1,1
706,706,1,1
707,707,1,1
708,708,1,1
709,709,1,1
710,710,1,1
711,711,1,1
712,712,1,1
713,713,1,1
714,714,1,1
715,715,1,1
716,716,1,1
717,717,1,1
718,718,1,1
719,719,1,1
720,720,1,1
721,721,1,1
722,722,1,1
723,723,1,1
724,724,1,1
725,725,1,1
726,726,1,1
727,727,1,1
728,728,1,1
729,729,1,1
730,730,1,1
731,731,1,1
732,732,1,1
733,733,1,1
734,734,1,1
735,735,1,1
736,736,1,1
737,737,1,1
738,738,1,1
739,739,1,1
740,740,1,1
741,741,1,1
742,742,1,1
743,743,4,2
744,744,1,1
745,745,1,1
746,746,1,1
747,747,1,1
748,748,1,1
749,749,1,1
750,750,1,1
751,751,1,1
752,752,1,1
753,753,1,1
754,754,1,1
755,755,1,1
756,756,1,1
757,757,1,1
758,758,1,1
759,759,1,1
760,760,1,1
761,761,1,1
762,762,1,1
763,763,1,1
764,764,1,1
765,765,1,1
766,766,1,1
767,767,1,1
768,768,1,1
769,769,1,1
770,770,1,1
771,771,1,1
772,772,1,1
773,773,1,1
774,774,1,1
775,775,1,1
776,776,1,1
777,777,1,1
778,778,1,1
779,779,1,1
780,780,1,1
781,781,1,1
782,782,1,1
783,783,1,1
784,784,1,1
785,785,1,1
786,786,1,1
787,787,1,1
788,788,1,1
789,789,1,1
790,790,1,1
791,791,1,1
792,792,1,1
793,793,1,1
794,794,1,1
795,795,1,1
796,796,1,1
797,797,1,1
798,798,1,1
799,799,1,1
800,800,1,1
801,801,1,1
802,802,1,1
803,803,1,1
804,804,1,1
805,805,1,1
806,806,1,1
807,807,1,1
808,808,1,1
809,809,1,1
810,810,1,1
811,811,1,1
812,812,1,1
813,813,1,1
814,814,1,1
815,815,1,1
816,816,1,1
817,817,1,1
818,818,1,1
819,819,1,1
820,820,1,1
821,821,1,1
822,822,1,1
823,823,1,1
824,824,1,1
825,825,1,1
826,826,1,1
827,827,1,1
828,828,1,1
829,829,1,1
830,830,1,1
831,831,1,1
832,832,1,1
833,833,1,1
834,834,12,1
835,835,1,1
836,836,1,1
837,837,1,1
838,838,1,1
839,839,12,1
840,840,1,1
841,841,1,1
842,842,1,1
843,843,1,1
844,844,1,1
845,845,1,1
846,846,1,1
847,847,1,1
848,848,1,1
849,849,1,1
850,850,1,1
851,851,1,1
852,852,1,1
853,853,1,1
854,854,1,1
855,855,1,1
856,856,1,1
857,857,1,1
858,858,1,1
859,859,1,1
860,860,1,1
861,861,1,1
862,862,1,1
863,863,1,1
864,864,1,1
865,865,1,1
866,866,1,1
867,867,1,1
868,868,1,1
869,869,1,1
870,870,1,1
871,871,1,1
872,872,1,1
873,873,1,1
874,874,1,1
875,875,1,1
876,876,1,1
877,877,1,1
878,878,1,1
879,879,1,1
880,880,1,1
881,881,1,1
882,882,1,1
883,883,1,1
884,884,1,1
885,885,1,1
886,886,1,1
887,887,1,1
888,888,1,1
889,889,1,1
890,890,1,1
891,891,1,1
892,892,None,None
893,893,1,1
894,894,None,None
895,895,None,None
896,896,None,None
897,897,None,None
898,898,None,None
899,899,None,None
900,900,None,None
901,901,None,None
902,902,None,None
903,903,None,None
904,904,None,None
905,905,None,None
906,906,None,None
907,907,None,None
908,908,None,None
909,909,None,None
910,910,None,None
911,911,None,None
912,912,None,None
913,913,None,None
914,914,None,None
915,915,None,None
916,916,None,None
917,917,None,None
918,918,None,None
919,919,None,None
920,920,None,None
921,921,None,None
922,922,1,1
923,923,1,1
924,924,1,1
925,925,1,1
926,926,1,1
927,927,1,1
928,928,1,1
929,929,1,1
930,930,1,1
931,931,1,1
932,932,1,1
933,933,1,1
934,934,1,1
935,935,None,None
936,936,None,None
937,937,None,None
938,938,None,None
939,939,None,None
940,940,None,None
941,941,None,None
942,942,None,None
943,943,None,None
944,944,None,None
945,945,None,None
946,946,None,None
947,947,None,None
948,948,None,None
949,949,None,None
950,950,None,None
951,951,None,None
952,952,None,None
953,953,None,None
954,954,None,None
955,955,None,None
956,956,None,None
957,957,None,None
958,958,None,None
959,959,None,None
960,960,None,None
961,961,None,None
962,962,None,None
963,963,None,None
964,964,None,None
965,965,None,None
966,966,None,None
967,967,None,None
968,968,13,2
969,969,None,None
970,970,None,None
971,971,None,None
972,972,None,None
973,973,1,1
974,974,1,1
975,975,1,1
976,976,1,1
977,977,1,1
978,978,1,1
979,979,1,1
980,980,1,1
981,981,None,None
982,982,None,None
983,983,None,None
984,984,None,None
985,985,None,None
986,986,None,None
987,987,1,1
988,988,None,None
989,989,None,None
990,990,None,None
991,991,None,None
992,992,None,None
993,993,None,None
994,994,None,None
995,995,None,None
996,996,None,None
997,997,None,None
998,998,None,None
999,999,None,None
1000,1000,None,None
1001,1001,None,None
1002,1002,None,None
1003,1003,1,1
1004,1004,1,1
1005,1005,1,1
1006,1006,None,None
1007,1007,None,None
1008,1008,None,None
1009,1009,None,None
1010,1010,None,None
1011,1011,1,1
1012,1012,1,1
1013,1013,None,None
1014,1014,None,None
1015,1015,1,1
1016,1016,1,1
1017,1017,1,1
1018,1018,1,1
1019,1019,1,1
1020,1020,1,1
1021,1021,None,None
1022,1022,None,None
1023,1023,None,None
1024,1024,None,None
1025,1025,None,None
1026,1026,None,None
1027,1027,None,None
1028,1028,None,None
1029,1029,None,None
1030,1030,None,None
1031,1031,None,None
1032,1032,None,None
1033,1033,None,None
1034,1034,None,None
1035,1035,None,None
1036,1036,None,None
1037,1037,1,1
1038,1038,1,1
1039,1039,1,1
1040,1040,1,1
1041,1041,4,2
1042,1042,1,1
1043,1043,1,1
1044,1044,1,1
1045,1045,1,1
1046,1046,1,1
1047,1047,4,2
1048,1048,1,1
1049,1049,1,1
1050,1050,1,1
1051,1051,1,1
1052,1052,1,1
1053,1053,1,1
1054,1054,1,1
1055,1055,1,1
1056,1056,1,1
1057,1057,1,1
1058,1058,1,1
1059,1059,1,1
1060,1060,None,None
1061,1061,None,None
1062,1062,None,None
1063,1063,None,None
1064,1064,None,None
1065,1065,None,None
1066,1066,None,None
1067,1067,None,None
1068,1068,None,None
1069,1069,None,None
1070,1070,1,1
1071,1071,1,1
1072,1072,1,1
1073,1073,1,1
1074,1074,1,1
1075,1075,1,1
1076,1076,1,1
1077,1077,1,1
1078,1078,1,1
1079,1079,1,1
1080,1080,1,1
1081,1081,1,1
1082,1082,1,1
1083,1083,1,1
1084,1084,1,1
1085,1085,1,1
1086,1086,1,1
1087,1087,1,1
1088,1088,1,1
1089,1089,1,1
1090,1090,1,1
1091,1091,1,1
1092,1092,1,1
1093,1093,1,1
1094,1094,1,1
1095,1095,1,1
1096,1096,1,1
1097,1097,1,1
1098,1098,1,1
1099,1099,1,1
1100,1100,1,1
1101,1101,1,1
1102,1102,1,1
1103,1103,1,1
1104,1104,1,1
1105,1105,1,1
1106,1106,1,1
1107,1107,1,1
1108,1108,1,1
1109,1109,1,1
1110,1110,1,1
1111,1111,1,1
1112,1112,1,1
1113,1113,1,1
1114,1114,1,1
1115,1115,1,1
1116,1116,1,1
1117,1117,1,1
1118,1118,12,1
1119,1119,1,1
1120,1120,1,1
1121,1121,1,1
1122,1122,1,1
1123,1123,3,2
1124,1124,1,1
1125,1125,1,1
1126,1126,1,1
1127,1127,1,1
1128,1128,1,1
1129,1129,1,1
1130,1130,1,1
1131,1131,1,1
1132,1132,1,1
1133,1133,1,1
1134,1134,1,1
1135,1135,1,1
1136,1136,1,1
1137,1137,1,1
1138,1138,1,1
1139,1139,1,1
1140,1140,1,1
1141,1141,1,1
1142,1142,1,1
1143,1143,1,1
1144,1144,1,1
1145,1145,1,1
1146,1146,1,1
1147,1147,1,1
1148,1148,1,1
1149,1149,1,1
1150,1150,1,1
1151,1151,1,1
1152,1152,1,1
1153,1153,1,1
1154,1154,1,1
1155,1155,1,1
1156,1156,1,1
1157,1157,1,1
1158,1158,1,1
1159,1159,1,1
1160,1160,1,1
1161,1161,1,1
1162,1162,1,1
1163,1163,1,1
1164,1164,1,1
1165,1165,1,1
1166,1166,1,1
1167,1167,1,1
1168,1168,1,1
1169,1169,1,1
1170,1170,1,1
1171,1171,1,1
1172,1172,1,1
1173,1173,1,1
1174,1174,1,1
1175,1175,1,1
1176,1176,1,1
1177,1177,None,None
1178,1178,None,None
1179,1179,None,None
1180,1180,None,None
1181,1181,None,None
1182,1182,None,None
1183,1183,None,None
1184,1184,None,None
1185,1185,None,None
1186,1186,None,None
1187,1187,None,None
1188,1188,1,1
1189,1189,1,1
1190,1190,1,1
1191,1191,1,1
1192,1192,1,1
1193,1193,None,None
1194,1194,None,None
1195,1195,None,None
1196,1196,None,None
1197,1197,None,None
1198,1198,None,None
1199,1199,None,None
1200,1200,None,None
1201,1201,None,None
1202,1202,None,None
1203,1203,1,1
1204,1204,1,1
1205,1205,1,1
1206,1206,1,1
1207,1207,1,1
1208,1208,1,1
1209,1209,1,1
1210,1210,1,1
1211,1211,1,1
1212,1212,1,1
1213,1213,1,1
1214,1214,1,1
1215,1215,1,1
1216,1216,1,1
1217,1217,1,1
1218,1218,1,1
1219,1219,1,1
1220,1220,1,1
1221,1221,1,1
1222,1222,1,1
1223,1223,1,1
1224,1224,1,1
1225,1225,1,1
1226,1226,1,1
1227,1227,1,1
1228,1228,1,1
1229,1229,1,1
1230,1230,1,1
1231,1231,1,1
1232,1232,1,1
1233,1233,1,1
1234,1234,1,1
1235,1235,1,1
1236,1236,1,1
1237,1237,1,1
1238,1238,1,1
1239,1239,1,1
1240,1240,1,5
1241,1241,1,1
1242,1242,1,1
1243,1243,1,1
1244,1244,1,1
1245,1245,1,1
1246,1246,1,1
1247,1247,1,1
1248,1248,1,1
1249,1249,1,1
1250,1250,1,1
1251,1251,1,1
1252,1252,1,1
1253,1253,1,1
1254,1254,1,1
1255,1255,1,1
1256,1256,1,1
1257,1257,1,1
1258,1258,1,1
1259,1259,1,1
1260,1260,1,1
1261,1261,1,1
1262,1262,1,1
1263,1263,1,1
1264,1264,1,1
1265,1265,1,1
1266,1266,1,1
1267,1267,1,1
1268,1268,1,1
1269,1269,1,1
1270,1270,1,1
1271,1271,1,1
1272,1272,1,1
1273,1273,1,1
1274,1274,1,1
1275,1275,1,1
1276,1276,1,1
1277,1277,1,1
1278,1278,1,1
1279,1279,1,1
1280,1280,1,1
1281,1281,1,1
1282,1282,1,1
1283,1283,1,1
1284,1284,1,1
1285,1285,1,1
1286,1286,1,1
1287,1287,1,1
1288,1288,1,1
1289,1289,1,1
1290,1290,1,1
1291,1291,1,1
1292,1292,1,1
1293,1293,1,1
1294,1294,1,1
1295,1295,1,1
1296,1296,1,1
1297,1297,1,1
1298,1298,1,1
1299,1299,1,1
1300,1300,1,1
1301,1301,1,1
1302,1302,1,1
1303,1303,1,1
1304,1304,1,1
1305,1305,1,1
1306,1306,1,1
1307,1307,1,1
1308,1308,1,1
1309,1309,1,1
1310,1310,1,1
1311,1311,1,1
1312,1312,1,1
1313,1313,1,1
1314,1314,1,1
1315,1315,1,1
1316,1316,1,1
1317,1317,1,1
1318,1318,1,1
1319,1319,1,1
1320,1320,1,1
1321,1321,1,1
1322,1322,13,1
1323,1323,1,1
1324,1324,1,1
1325,1325,1,1
1326,1326,1,1
1327,1327,1,1
1328,1328,1,1
1329,1329,1,1
1330,1330,1,1
1331,1331,1,1
1332,1332,1,1
1333,1333,1,1
1334,1334,1,1
1335,1335,1,1
1336,1336,1,1
1337,1337,1,1
1338,1338,None,1
1339,1339,1,1
1340,1340,1,1
1341,1341,1,1
1342,1342,1,1
1343,1343,1,1
1344,1344,1,1
1345,1345,1,1
1346,1346,1,1
1347,1347,1,1
1348,1348,1,1
1349,1349,1,1
1350,1350,1,1
1351,1351,1,1
1352,1352,1,1
1353,1353,1,1
1354,1354,None,1
1355,1355,1,1
1356,1356,1,1
1357,1357,1,1
1358,1358,1,1
1359,1359,1,1
1360,1360,1,1
1361,1361,None,None
1362,1362,1,1
1363,1363,1,1
1364,1364,1,1
1365,1365,1,1
1366,1366,1,1
1367,1367,1,1
1368,1368,1,1
1369,1369,1,1
1370,1370,1,1
1371,1371,None,None
1372,1372,1,1
1373,1373,None,None
1374,1374,None,None
1375,1375,None,None
1376,1376,None,None
1377,1377,None,None
1378,1378,None,None
1379,1379,1,1
1380,1380,1,1
1381,1381,None,None
1382,1382,1,1
1383,1383,1,1
1384,1384,None,None
1385,1385,1,1
1386,1386,1,1
1387,1387,1,1
1388,1388,1,1
1389,1389,1,1
1390,1390,1,1
1391,1391,1,1
1392,1392,1,1
1393,1393,1,1
1394,1394,None,1
1395,1395,1,1
1396,1396,1,1
1397,1397,1,1
1398,1398,1,1
1399,1399,1,1
1400,1400,1,1
1401,1401,1,1
1402,1402,1,1
1403,1403,1,1
1404,1404,1,1
1405,1405,1,1
1406,1406,12,1
1407,1407,1,1
1408,1408,None,None
1409,1409,None,None
1410,1410,1,1
1411,1411,None,None
1412,1412,1,1
1413,1413,1,1
1414,1414,1,1
1415,1415,1,1
1416,1416,1,1
1417,1417,1,1
1418,1418,1,1
1419,1419,1,1
1420,1420,1,1
1421,1421,1,1
1422,1422,1,1
1423,1423,1,1
1424,1424,1,1
1425,1425,1,1
1426,1426,1,1
1427,1427,1,1
1428,1428,1,1
1429,1429,1,1
1430,1430,1,1
1431,1431,None,None
1432,1432,None,None
1433,1433,None,None
1434,1434,None,None
1435,1435,None,None
1436,1436,None,None
1437,1437,None,None
1438,1438,1,1
1439,1439,1,1
1440,1440,1,1
1441,1441,1,1
1442,1442,1,1
1443,1443,1,1
1444,1444,1,1
1445,1445,1,1
1446,1446,1,1
1447,1447,None,None
1448,1448,None,None
1449,1449,None,None
1450,1450,None,None
1451,1451,None,None
1452,1452,None,None
1453,1453,None,None
1454,1454,None,None
1455,1455,None,None
1456,1456,1,1
1457,1457,1,1
1458,1458,1,1
1459,1459,1,1
1460,1460,1,1
1461,1461,1,1
1462,1462,1,1
1463,1463,1,1
1464,1464,1,1
1465,1465,1,1
1466,1466,1,1
1467,1467,1,1
1468,1468,1,1
1469,1469,1,None
1470,1470,1,1
1471,1471,1,1
1472,1472,1,1
1473,1473,None,None
1474,1474,1,1
1475,1475,1,1
1476,1476,1,1
1477,1477,1,1
1478,1478,1,1
1479,1479,1,1
1480,1480,1,1
1481,1481,1,1
1482,1482,1,1
1483,1483,1,1
1484,1484,1,1
1485,1485,1,1
1486,1486,12,1
1487,1487,1,1
1488,1488,1,1
1489,1489,1,1
1490,1490,1,1
1491,1491,1,1
1492,1492,1,1
1493,1493,1,1
1494,1494,None,None
1495,1495,None,None
1496,1496,None,None
1497,1497,1,1
1498,1498,1,1
1499,1499,1,1
1500,1500,1,1
1501,1501,1,1
1502,1502,1,1
1503,1503,None,None
1504,1504,None,None
1505,1505,None,None
1506,1506,None,None
1507,1507,None,None
1508,1508,None,None
1509,1509,None,None
1510,1510,None,None
1511,1511,None,None
1512,1512,None,None
1513,1513,None,None
1514,1514,None,None
1515,1515,None,None
1516,1516,None,None
1517,1517,None,None
1518,1518,None,None
1519,1519,1,1
1520,1520,1,1
1521,1521,1,1
1522,1522,None,None
1523,1523,None,None
1524,1524,None,None
1525,1525,1,1
1526,1526,1,1
1527,1527,1,1
1528,1528,1,1
1529,1529,1,1
1530,1530,1,1
1531,1531,1,1
1532,1532,1,1
1533,1533,1,1
1534,1534,1,1
1535,1535,1,1
1536,1536,1,1
1537,1537,1,1
1538,1538,1,1
1539,1539,1,1
1540,1540,1,1
1541,1541,1,1
1542,1542,1,1
1543,1543,1,1
1544,1544,1,1
1545,1545,1,1
1546,1546,1,1
1547,1547,1,1
1548,1548,1,1
1549,1549,1,1
1550,1550,1,1
1551,1551,1,1
1552,1552,1,1
1553,1553,1,1
1554,1554,1,1
1555,1555,1,1
1556,1556,1,1
1557,1557,1,1
1558,1558,1,1
1559,1559,1,1
1560,1560,1,1
1561,1561,1,1
1562,1562,1,1
1563,1563,1,1
1564,1564,1,1
1565,1565,1,1
1566,1566,1,1
1567,1567,1,1
1568,1568,1,1
1569,1569,1,1
1570,1570,1,1
1571,1571,1,1
1572,1572,1,1
1573,1573,1,1
1574,1574,1,1
1575,1575,1,1
1576,1576,1,1
1577,1577,1,1
1578,1578,1,1
1579,1579,1,1
1580,1580,1,1
1581,1581,1,1
1582,1582,1,1
1583,1583,1,1
1584,1584,1,1
1585,1585,1,1
1586,1586,1,None
1587,1587,1,1
1588,1588,1,1
1589,1589,1,1
1590,1590,1,1
1591,1591,1,1
1592,1592,1,1
1593,1593,1,1
1594,1594,1,1
1595,1595,1,1
1596,1596,1,None
1597,1597,1,1
1598,1598,1,1
1599,1599,1,1
1600,1600,1,1
1601,1601,1,1
1602,1602,1,1
1603,1603,1,1
1604,1604,1,1
1605,1605,1,1
1606,1606,1,1
1607,1607,1,1
1608,1608,1,1
1609,1609,1,1
1610,1610,1,1
1611,1611,1,1
1612,1612,1,1
1613,1613,1,1
1614,1614,1,1
1615,1615,1,1
1616,1616,1,1
1617,1617,1,1
1618,1618,1,1
1619,1619,1,1
1620,1620,1,1
1621,1621,1,1
1622,1622,1,1
1623,1623,1,1
1624,1624,1,1
1625,1625,1,1
1626,1626,12,1
1627,1627,1,1
1628,1628,1,1
1629,1629,1,1
1630,1630,1,1
1631,1631,1,1
1632,1632,1,1
1633,1633,1,1
1634,1634,1,1
1635,1635,1,1
1636,1636,1,1
1637,1637,1,1
1638,1638,1,1
1639,1639,1,1
1640,1640,1,1
1641,1641,1,1
1642,1642,1,1
1643,1643,1,1
1644,1644,1,1
1645,1645,1,1
1646,1646,1,1
1647,1647,1,1
1648,1648,1,1
1649,1649,1,1
1650,1650,1,1
1651,1651,1,1
1652,1652,1,1
1653,1653,1,1
1654,1654,1,1
1655,1655,1,1
1656,1656,1,1
1657,1657,1,1
1658,1658,1,1
1659,1659,1,1
1660,1660,1,1
1661,1661,1,1
1662,1662,1,1
1663,1663,1,1
1664,1664,1,1
1665,1665,1,1
1666,1666,1,1
1667,1667,1,1
1668,1668,1,1
1669,1669,1,1
1670,1670,1,1
1671,1671,1,1
1672,1672,1,1
1673,1673,1,1
1674,1674,1,1
1675,1675,1,1
1676,1676,1,1
1677,1677,1,1
1678,1678,1,1
1679,1679,1,1
1680,1680,1,1
1681,1681,1,1
1682,1682,1,1
1683,1683,1,1
1684,1684,1,1
1685,1685,1,1
1686,1686,1,1
1687,1687,1,1
1688,1688,1,1
1689,1689,1,1
1690,1690,1,1
1691,1691,1,1
1692,1692,1,1
1693,1693,1,1
1694,1694,1,1
1695,1695,1,1
1696,1696,1,1
1697,1697,1,1
1698,1698,1,1
1699,1699,1,1
1700,1700,1,1
1701,1701,1,1
1702,1702,1,1
1703,1703,1,1
1704,1704,1,1
1705,1705,1,1
1706,1706,1,1
1707,1707,1,1
1708,1708,1,1
1709,1709,1,1
1710,1710,1,1
1711,1711,1,1
1712,1712,1,1
1713,1713,1,1
1714,1714,1,1
1715,1715,1,1
1716,1716,1,1
1717,1717,1,1
1718,1718,1,1
1719,1719,1,1
1720,1720,1,1
1721,1721,1,1
1722,1722,1,1
1723,1723,1,1
1724,1724,1,1
1725,1725,1,1
1726,1726,1,1
1727,1727,1,1
1728,1728,1,1
1729,1729,1,1
1730,1730,1,1
1731,1731,1,1
1732,1732,1,1
1733,1733,1,1
1734,1734,1,1
1735,1735,1,1
1736,1736,1,1
1737,1737,1,1
1738,1738,1,1
1739,1739,1,1
1740,1740,1,1
1741,1741,1,1
1742,1742,1,1
1743,1743,1,1
1744,1744,1,1
1745,1745,1,1
1746,1746,1,1
1747,1747,1,1
1748,1748,1,1
1749,1749,1,1
1750,1750,1,1
1751,1751,1,1
1752,1752,None,None
1753,1753,None,None
1754,1754,None,None
1755,1755,None,None
1756,1756,None,None
1757,1757,None,None
1758,1758,None,None
1759,1759,None,None
1760,1760,None,None
1761,1761,None,None
1762,1762,None,None
1763,1763,None,None
1764,1764,None,None
1765,1765,1,1
1766,1766,1,1
1767,1767,1,1
1768,1768,1,1
1769,1769,1,1
1770,1770,1,1
1771,1771,1,1
1772,1772,1,1
1773,1773,1,1
1774,1774,1,1
1775,1775,1,1
1776,1776,1,1
1777,1777,1,1
1778,1778,1,1
1779,1779,1,1
1780,1780,1,1
1781,1781,1,1
1782,1782,1,1
1783,1783,1,1
1784,1784,1,1
1785,1785,1,1
1786,1786,1,1
1787,1787,1,1
1788,1788,1,1
1789,1789,1,1
1790,1790,1,1
1791,1791,1,1
1792,1792,1,1
1793,1793,1,1
1794,1794,1,1
1795,1795,1,1
1796,1796,1,1
1797,1797,1,1
1798,1798,1,1
1799,1799,1,1
1800,1800,1,1
1801,1801,1,1
1802,1802,1,1
1803,1803,1,1
1804,1804,1,1
1805,1805,1,1
1806,1806,1,1
1807,1807,1,1
1808,1808,1,1
1809,1809,1,1
1810,1810,1,1
1811,1811,1,1
1812,1812,1,1
1813,1813,1,1
1814,1814,1,1
1815,1815,1,1
1816,1816,1,1
1817,1817,1,1
1818,1818,1,1
1819,1819,1,1
1820,1820,1,1
1821,1821,1,1
1822,1822,1,1
1823,1823,None,1
1824,1824,None,1
1825,1825,None,1
1826,1826,1,1
1827,1827,1,1
1828,1828,1,1
1829,1829,1,1
1830,1830,1,1
1831,1831,1,1
1832,1832,1,1
1833,1833,1,1
1834,1834,1,1
1835,1835,1,1
1836,1836,1,1
1837,1837,1,1
1838,1838,1,1
1839,1839,1,1
1840,1840,1,1
1841,1841,1,1
1842,1842,1,1
1843,1843,1,1
1844,1844,1,1
1845,1845,1,1
1846,1846,1,1
1847,1847,1,1
1848,1848,1,1
1849,1849,1,1
1850,1850,1,1
1851,1851,1,1
1852,1852,1,1
1853,1853,1,1
1854,1854,1,1
1855,1855,1,1
1856,1856,1,1
1857,1857,1,1
1858,1858,1,1
1859,1859,1,1
1860,1860,None,None
1861,1861,None,None
1862,1862,1,1
1863,1863,1,1
1864,1864,1,1
1865,1865,1,1
1866,1866,1,1
1867,1867,1,1
1868,1868,1,1
1869,1869,1,1
1870,1870,1,1
1871,1871,1,1
1872,1872,1,1
1873,1873,1,1
1874,1874,1,1
1875,1875,1,1
1876,1876,1,1
1877,1877,1,1
1878,1878,1,1
1879,1879,1,1
1880,1880,1,1
1881,1881,1,1
1882,1882,1,1
1883,1883,1,1
1884,1884,1,1
1885,1885,1,1
1886,1886,1,1
1887,1887,1,1
1888,1888,1,1
1889,1889,1,1
1890,1890,12,1
1891,1891,1,1
1892,1892,1,1
1893,1893,1,1
1894,1894,1,1
1895,1895,1,1
1896,1896,1,1
1897,1897,1,1
1898,1898,1,1
1899,1899,1,1
1900,1900,1,1
1901,1901,1,1
1902,1902,1,1
1903,1903,1,1
1904,1904,1,1
1905,1905,1,1
1906,1906,1,1
1907,1907,1,1
1908,1908,1,1
1909,1909,1,1
1910,1910,1,1
1911,1911,1,1
1912,1912,1,1
1913,1913,1,1
1914,1914,1,1
1915,1915,1,1
1916,1916,1,1
1917,1917,1,1
1918,1918,1,1
1919,1919,1,1
1920,1920,1,1
1921,1921,None,None
1922,1922,None,None
1923,1923,None,None
1924,1924,1,1
1925,1925,1,1
1926,1926,1,1
1927,1927,1,1
1928,1928,1,1
1929,1929,1,1
1930,1930,1,1
1931,1931,1,1
1932,1932,1,1
1933,1933,1,1
1934,1934,1,1
1935,1935,1,1
1936,1936,1,1
1937,1937,1,1
1938,1938,12,1
1939,1939,1,1
1940,1940,1,1
1941,1941,1,1
1942,1942,1,1
1943,1943,1,1
1944,1944,1,1
1945,1945,1,1
1946,1946,1,1
1947,1947,1,1
1948,1948,1,1
1949,1949,1,1
1950,1950,1,1
1951,1951,1,1
1952,1952,12,1
1953,1953,1,1
1954,1954,1,1
1955,1955,1,1
1956,1956,1,1
1957,1957,1,1
1958,1958,1,1
1959,1959,1,1
1960,1960,1,1
1961,1961,1,1
1962,1962,1,1
1963,1963,1,1
1964,1964,1,1
1965,1965,1,1
1966,1966,1,1
1967,1967,1,1
1968,1968,1,1
1969,1969,1,1
1970,1970,1,1
1971,1971,1,1
1972,1972,1,1
1973,1973,1,1
1974,1974,1,1
1975,1975,None,None
1976,1976,None,None
1977,1977,1,1
1978,1978,1,1
1979,1979,1,1
1980,1980,1,1
1981,1981,1,1
1982,1982,1,1
1983,1983,1,1
1984,1984,1,1
1985,1985,1,1
1986,1986,1,1
1987,1987,1,1
1988,1988,1,1
1989,1989,1,1
1990,1990,1,1
1991,1991,1,1
1992,1992,1,1
1993,1993,1,1
1994,1994,1,1
1995,1995,1,1
1996,1996,1,1
1997,1997,1,1
1998,1998,1,1
1999,1999,1,1
2000,2000,1,1
2001,2001,1,1
2002,2002,1,1
2003,2003,1,1
2004,2004,1,1
2005,2005,1,1
2006,2006,1,1
2007,2007,1,1
2008,2008,1,1
2009,2009,1,1
2010,2010,1,1
2011,2011,1,1
2012,2012,1,1
2013,2013,1,1
2014,2014,1,1
2015,2015,1,1
2016,2016,1,1
2017,2017,1,1
2018,2018,1,1
2019,2019,1,1
2020,2020,1,1
2021,2021,1,1
2022,2022,1,1
2023,2023,1,1
2024,2024,1,1
2025,2025,1,1
2026,2026,1,1
2027,2027,1,1
2028,2028,1,1
2029,2029,1,1
2030,2030,1,1
2031,2031,1,1
2032,2032,1,1
2033,2033,1,1
2034,2034,1,1
2035,2035,1,1
2036,2036,None,None
2037,2037,1,1
2038,2038,1,1
2039,2039,1,1
2040,2040,1,1
2041,2041,1,1
2042,2042,1,1
2043,2043,1,1
2044,2044,1,1
2045,2045,1,1
2046,2046,1,1
2047,2047,1,1
2048,2048,1,1
2049,2049,1,1
2050,2050,1,1
2051,2051,1,1
2052,2052,1,1
2053,2053,1,1
2054,2054,1,1
2055,2055,1,1
2056,2056,1,1
2057,2057,1,1
2058,2058,1,1
2059,2059,1,1
2060,2060,1,1
2061,2061,1,1
2062,2062,1,1
2063,2063,1,1
2064,2064,1,1
2065,2065,1,1
2066,2066,1,1
2067,2067,1,1
2068,2068,1,1
2069,2069,1,1
2070,2070,1,1
2071,2071,None,None
2072,2072,None,None
2073,2073,None,None
2074,2074,None,None
2075,2075,None,None
2076,2076,1,1
2077,2077,1,1
2078,2078,1,1
2079,2079,None,None
2080,2080,None,None
2081,2081,None,None
2082,2082,None,None
2083,2083,1,1
2084,2084,1,1
2085,2085,1,1
2086,2086,1,1
2087,2087,1,1
2088,2088,1,1
2089,2089,1,1
2090,2090,1,1
2091,2091,1,1
2092,2092,1,1
2093,2093,None,None
2094,2094,1,1
2095,2095,1,1
2096,2096,1,1
2097,2097,1,1
2098,2098,1,1
2099,2099,1,1
2100,2100,None,None
2101,2101,1,1
2102,2102,1,1
2103,2103,1,1
2104,2104,1,1
2105,2105,1,1
2106,2106,1,1
2107,2107,1,1
2108,2108,1,1
2109,2109,1,1
2110,2110,1,1
2111,2111,1,1
2112,2112,1,1
2113,2113,1,1
2114,2114,1,1
2115,2115,1,1
2116,2116,1,1
2117,2117,1,1
2118,2118,1,1
2119,2119,1,1
2120,2120,1,1
2121,2121,1,1
2122,2122,1,1
2123,2123,1,1
2124,2124,1,1
2125,2125,1,1
2126,2126,1,1
2127,2127,1,1
2128,2128,1,1
2129,2129,1,1
2130,2130,1,1
2131,2131,1,1
2132,2132,1,1
2133,2133,1,1
2134,2134,1,1
2135,2135,1,1
2136,2136,1,1
2137,2137,1,1
2138,2138,1,1
2139,2139,1,1
2140,2140,1,1
2141,2141,1,1
2142,2142,1,1
2143,2143,1,1
2144,2144,1,1
2145,2145,1,1
2146,2146,1,1
2147,2147,1,1
2148,2148,1,1
2149,2149,None,1
2150,2150,None,None
2151,2151,None,1
2152,2152,1,1
2153,2153,None,None
2154,2154,1,1
2155,2155,1,1
2156,2156,1,1
2157,2157,1,1
2158,2158,1,1
2159,2159,1,1
2160,2160,1,1
2161,2161,1,1
2162,2162,1,1
2163,2163,1,1
2164,2164,1,1
2165,2165,1,1
2166,2166,1,1
2167,2167,1,1
2168,2168,1,1
2169,2169,1,1
2170,2170,1,1
2171,2171,1,1
2172,2172,1,1
2173,2173,1,1
2174,2174,1,1
2175,2175,1,1
2176,2176,1,1
2177,2177,1,1
2178,2178,1,1
2179,2179,1,1
2180,2180,1,1
2181,2181,1,1
2182,2182,1,1
2183,2183,None,None
2184,2184,1,1
2185,2185,1,1
2186,2186,1,1
2187,2187,1,1
2188,2188,None,None
2189,2189,None,None
2190,2190,None,None
2191,2191,None,None
2192,2192,None,None
2193,2193,None,None
2194,2194,None,None
2195,2195,None,None
2196,2196,None,None
2197,2197,None,None
2198,2198,None,None
2199,2199,None,None
2200,2200,None,None
2201,2201,None,None
2202,2202,None,None
2203,2203,None,None
2204,2204,None,None
2205,2205,1,1
2206,2206,1,1
2207,2207,1,1
2208,2208,None,1
2209,2209,1,1
2210,2210,1,1
2211,2211,1,1
2212,2212,1,1
2213,2213,1,1
2214,2214,1,1
2215,2215,1,1
2216,2216,1,1
2217,2217,1,1
2218,2218,1,1
2219,2219,1,1
2220,2220,1,1
2221,2221,1,1
2222,2222,1,1
2223,2223,1,1
2224,2224,1,1
2225,2225,1,1
2226,2226,1,1
2227,2227,1,1
2228,2228,1,1
2229,2229,1,1
2230,2230,1,1
2231,2231,1,1
2232,2232,1,1
2233,2233,1,1
2234,2234,1,1
2235,2235,1,1
2236,2236,1,1
2237,2237,1,1
2238,2238,1,1
2239,2239,1,1
2240,2240,1,1
2241,2241,1,1
2242,2242,1,1
2243,2243,1,1
2244,2244,1,1
2245,2245,1,1
2246,2246,1,1
2247,2247,1,1
2248,2248,1,1
2249,2249,1,1
2250,2250,1,1
2251,2251,1,1
2252,2252,1,1
2253,2253,1,1
2254,2254,1,1
2255,2255,None,None
2256,2256,1,1
2257,2257,1,1
2258,2258,1,1
2259,2259,1,1
2260,2260,1,1
2261,2261,1,1
2262,2262,13,1
2263,2263,1,1
2264,2264,1,1
2265,2265,1,1
2266,2266,1,1
2267,2267,1,1
2268,2268,1,1
2269,2269,1,1
2270,2270,None,1
2271,2271,1,1
2272,2272,1,1
2273,2273,1,1
2274,2274,1,1
2275,2275,1,1
2276,2276,1,1
2277,2277,1,1
2278,2278,1,1
2279,2279,1,1
2280,2280,1,1
2281,2281,1,1
2282,2282,1,1
2283,2283,13,2
2284,2284,1,1
2285,2285,1,1
2286,2286,1,1
2287,2287,1,1
2288,2288,1,1
2289,2289,1,1
2290,2290,4,1
2291,2291,1,1
2292,2292,None,None
2293,2293,None,1
2294,2294,None,None
2295,2295,None,None
2296,2296,1,1
2297,2297,1,1
2298,2298,1,1
2299,2299,1,1
2300,2300,1,1
2301,2301,1,1
2302,2302,1,1
2303,2303,1,1
2304,2304,1,1
2305,2305,None,None
2306,2306,None,None
2307,2307,1,1
2308,2308,1,1
2309,2309,1,1
2310,2310,1,1
2311,2311,1,1
2312,2312,1,1
2313,2313,1,1
2314,2314,None,None
2315,2315,None,None
2316,2316,None,None
2317,2317,1,1
2318,2318,None,None
2319,2319,1,None
2320,2320,None,None
2321,2321,None,None
2322,2322,1,1
2323,2323,1,1
2324,2324,1,1
2325,2325,None,1
2326,2326,1,1
2327,2327,1,1
2328,2328,1,1
2329,2329,1,1
2330,2330,1,1
2331,2331,None,None
2332,2332,1,1
2333,2333,1,1
2334,2334,1,1
2335,2335,1,1
2336,2336,1,1
2337,2337,1,1
2338,2338,1,1
2339,2339,1,1
2340,2340,1,1
2341,2341,1,1
2342,2342,1,1
2343,2343,1,1
2344,2344,1,1
2345,2345,1,1
2346,2346,1,1
2347,2347,1,1
2348,2348,1,1
2349,2349,1,1
2350,2350,1,1
2351,2351,1,1
2352,2352,1,1
2353,2353,1,1
2354,2354,1,1
2355,2355,1,1
2356,2356,1,1
2357,2357,1,1
2358,2358,1,1
2359,2359,1,1
2360,2360,1,1
2361,2361,1,1
2362,2362,1,1
2363,2363,1,1
2364,2364,1,1
2365,2365,1,1
2366,2366,1,1
2367,2367,1,1
2368,2368,1,1
2369,2369,1,1
2370,2370,1,1
2371,2371,1,1
2372,2372,1,1
2373,2373,1,1
2374,2374,1,1
2375,2375,1,1
2376,2376,1,1
2377,2377,1,1
2378,2378,1,1
2379,2379,1,1
2380,2380,1,1
2381,2381,1,1
2382,2382,1,1
2383,2383,1,1
2384,2384,1,1
2385,2385,1,1
2386,2386,1,1
2387,2387,1,1
2388,2388,1,1
2389,2389,1,1
2390,2390,1,1
2391,2391,1,1
2392,2392,1,1
2393,2393,1,1
2394,2394,1,1
2395,2395,1,1
2396,2396,1,1
2397,2397,1,1
2398,2398,1,1
2399,2399,1,1
2400,2400,1,1
2401,2401,1,1
2402,2402,1,1
2403,2403,1,1
2404,2404,1,1
2405,2405,1,1
2406,2406,1,1
2407,2407,1,1
2408,2408,1,1
2409,2409,1,1
2410,2410,1,1
2411,2411,1,1
2412,2412,None,1
2413,2413,1,1
2414,2414,1,1
2415,2415,1,1
2416,2416,13,1
2417,2417,1,1
2418,2418,1,1
2419,2419,1,1
2420,2420,1,1
2421,2421,1,1
2422,2422,1,1
2423,2423,1,1
2424,2424,1,1
2425,2425,1,1
2426,2426,1,1
2427,2427,1,1
2428,2428,1,1
2429,2429,1,1
2430,2430,1,1
2431,2431,1,1
2432,2432,1,1
2433,2433,1,1
2434,2434,1,1
2435,2435,1,1
2436,2436,1,1
2437,2437,1,1
2438,2438,1,1
2439,2439,1,1
2440,2440,1,1
2441,2441,1,1
2442,2442,1,1
2443,2443,1,1
2444,2444,1,1
2445,2445,1,1
2446,2446,1,1
2447,2447,1,1
2448,2448,1,1
2449,2449,1,1
2450,2450,1,1
2451,2451,1,1
2452,2452,1,1
2453,2453,1,1
2454,2454,1,1
2455,2455,1,1
2456,2456,1,1
2457,2457,1,1
2458,2458,1,1
2459,2459,1,1
2460,2460,1,1
2461,2461,1,1
2462,2462,1,1
2463,2463,1,1
2464,2464,1,1
2465,2465,1,1
2466,2466,1,1
2467,2467,1,1
2468,2468,1,1
2469,2469,1,1
2470,2470,1,1
2471,2471,1,1
2472,2472,1,1
2473,2473,1,1
2474,2474,1,1
2475,2475,1,1
2476,2476,1,1
2477,2477,1,1
2478,2478,1,1
2479,2479,1,1
2480,2480,1,1
2481,2481,1,1
2482,2482,1,1
2483,2483,1,1
2484,2484,1,1
2485,2485,1,1
2486,2486,1,1
2487,2487,1,1
2488,2488,1,1
2489,2489,1,1
2490,2490,1,1
2491,2491,1,1
2492,2492,1,1
2493,2493,1,1
2494,2494,1,1
2495,2495,1,1
2496,2496,1,1
2497,2497,1,1
2498,2498,1,1
2499,2499,1,1
2500,2500,1,1
2501,2501,1,1
2502,2502,1,1
2503,2503,1,1
2504,2504,1,1
2505,2505,1,1
2506,2506,1,1
2507,2507,1,1
2508,2508,1,1
2509,2509,1,1
2510,2510,1,1
2511,2511,1,1
2512,2512,1,1
2513,2513,1,1
2514,2514,1,1
2515,2515,1,1
2516,2516,1,1
2517,2517,1,1
2518,2518,1,1
2519,2519,1,1
2520,2520,1,1
2521,2521,1,1
2522,2522,1,1
2523,2523,1,1
2524,2524,1,1
2525,2525,1,1
2526,2526,1,1
2527,2527,1,1
2528,2528,1,1
2529,2529,1,1
2530,2530,1,1
2531,2531,1,1
2532,2532,1,1
2533,2533,1,1
2534,2534,1,1
2535,2535,1,1
2536,2536,1,1
2537,2537,13,3
2538,2538,1,1
2539,2539,1,1
2540,2540,1,1
2541,2541,1,1
2542,2542,13,2
2543,2543,1,1
2544,2544,1,1
2545,2545,1,1
2546,2546,1,1
2547,2547,1,1
2548,2548,1,1
2549,2549,1,1
2550,2550,1,1
2551,2551,1,1
2552,2552,1,1
2553,2553,1,1
2554,2554,1,1
2555,2555,1,1
2556,2556,1,1
2557,2557,1,1
2558,2558,1,1
2559,2559,1,1
2560,2560,1,1
2561,2561,1,1
2562,2562,1,1
2563,2563,1,1
2564,2564,1,1
2565,2565,1,1
2566,2566,1,1
2567,2567,1,1
2568,2568,1,1
2569,2569,1,1
2570,2570,1,1
2571,2571,1,1
2572,2572,1,1
2573,2573,1,1
2574,2574,1,1
2575,2575,1,1
2576,2576,1,1
2577,2577,1,1
2578,2578,1,1
2579,2579,1,1
2580,2580,1,1
2581,2581,1,1
2582,2582,1,1
2583,2583,1,1
2584,2584,1,1
2585,2585,1,1
2586,2586,1,1
2587,2587,1,1
2588,2588,1,1
2589,2589,1,1
2590,2590,1,1
2591,2591,1,1
2592,2592,1,1
2593,2593,1,1
2594,2594,1,1
2595,2595,1,1
2596,2596,1,1
2597,2597,1,1
2598,2598,1,1
2599,2599,1,1
2600,2600,1,1
2601,2601,1,1
2602,2602,1,1
2603,2603,1,1
2604,2604,1,1
2605,2605,1,1
2606,2606,1,1
2607,2607,1,1
2608,2608,1,1
2609,2609,1,1
2610,2610,1,1
2611,2611,1,1
2612,2612,1,1
2613,2613,1,1
2614,2614,1,1
2615,2615,1,1
2616,2616,1,1
2617,2617,1,1
2618,2618,1,1
2619,2619,1,1
2620,2620,1,1
2621,2621,1,1
2622,2622,1,1
2623,2623,1,1
2624,2624,1,1
2625,2625,1,1
2626,2626,1,1
2627,2627,1,1
2628,2628,1,1
2629,2629,1,1
2630,2630,1,1
2631,2631,1,1
2632,2632,1,1
2633,2633,1,1
2634,2634,1,1
2635,2635,1,1
2636,2636,1,1
2637,2637,1,1
2638,2638,1,1
2639,2639,1,1
2640,2640,1,1
2641,2641,1,1
2642,2642,1,1
2643,2643,1,1
2644,2644,1,1
2645,2645,1,1
2646,2646,1,1
2647,2647,1,1
2648,2648,11,2
2649,2649,1,1
2650,2650,1,1
2651,2651,1,1
2652,2652,1,1
2653,2653,1,1
2654,2654,1,1
2655,2655,1,1
2656,2656,1,1
2657,2657,1,1
2658,2658,1,1
2659,2659,1,1
2660,2660,1,1
2661,2661,1,1
2662,2662,1,1
2663,2663,1,1
2664,2664,1,1
2665,2665,1,1
2666,2666,1,1
2667,2667,1,1
2668,2668,1,1
2669,2669,1,1
2670,2670,1,1
2671,2671,1,1
2672,2672,1,1
2673,2673,1,1
2674,2674,1,1
2675,2675,1,1
2676,2676,1,1
2677,2677,1,1
2678,2678,1,1
2679,2679,1,1
2680,2680,1,1
2681,2681,1,1
2682,2682,1,1
2683,2683,1,1
2684,2684,1,1
2685,2685,1,1
2686,2686,1,1
2687,2687,1,1
2688,2688,1,1
2689,2689,1,1
2690,2690,1,1
2691,2691,1,1
2692,2692,1,1
2693,2693,1,1
2694,2694,1,1
2695,2695,1,1
2696,2696,1,1
2697,2697,1,1
2698,2698,1,1
2699,2699,1,1
2700,2700,1,1
2701,2701,1,1
2702,2702,1,1
2703,2703,1,1
2704,2704,1,1
2705,2705,1,1
2706,2706,1,1
2707,2707,1,1
2708,2708,1,1
2709,2709,1,1
2710,2710,1,1
2711,2711,1,1
2712,2712,1,1
2713,2713,1,1
2714,2714,1,1
2715,2715,1,1
2716,2716,1,1
2717,2717,1,1
2718,2718,1,1
2719,2719,1,1
2720,2720,1,1
2721,2721,1,1
2722,2722,1,1
2723,2723,1,1
2724,2724,1,1
2725,2725,1,1
2726,2726,1,1
2727,2727,1,1
2728,2728,1,1
2729,2729,1,1
2730,2730,1,1
2731,2731,1,1
2732,2732,1,1
2733,2733,1,1
2734,2734,1,1
2735,2735,1,1
2736,2736,1,1
2737,2737,1,1
2738,2738,1,1
2739,2739,1,1
2740,2740,1,1
2741,2741,1,1
2742,2742,1,1
2743,2743,1,1
2744,2744,1,1
2745,2745,1,1
2746,2746,1,1
2747,2747,1,1
2748,2748,1,1
2749,2749,1,1
2750,2750,1,1
2751,2751,1,1
2752,2752,1,1
2753,2753,1,1
2754,2754,1,1
2755,2755,1,1
2756,2756,1,1
2757,2757,1,1
2758,2758,1,1
2759,2759,1,1
2760,2760,1,1
2761,2761,3,2
2762,2762,1,1
2763,2763,1,1
2764,2764,None,None
2765,2765,None,None
2766,2766,None,None
2767,2767,None,None
2768,2768,None,None
2769,2769,None,None
2770,2770,None,None
2771,2771,None,None
2772,2772,None,None
2773,2773,None,None
2774,2774,None,None
2775,2775,None,None
2776,2776,1,1
2777,2777,1,1
2778,2778,1,1
2779,2779,1,1
2780,2780,1,1
2781,2781,1,1
2782,2782,1,1
2783,2783,1,1
2784,2784,1,1
2785,2785,1,1
2786,2786,1,1
2787,2787,1,1
2788,2788,1,1
2789,2789,1,1
2790,2790,1,1
2791,2791,1,1
2792,2792,1,1
2793,2793,1,1
2794,2794,1,1
2795,2795,1,1
2796,2796,1,1
2797,2797,1,1
2798,2798,1,1
2799,2799,1,1
2800,2800,1,1
2801,2801,1,1
2802,2802,1,1
2803,2803,1,1
2804,2804,1,1
2805,2805,1,1
2806,2806,1,1
2807,2807,1,1
2808,2808,1,1
2809,2809,1,1
2810,2810,1,1
2811,2811,1,1
2812,2812,1,1
2813,2813,1,1
2814,2814,1,1
2815,2815,1,1
2816,2816,1,1
2817,2817,1,1
2818,2818,1,1
2819,2819,1,1
2820,2820,1,1
2821,2821,1,1
2822,2822,1,1
2823,2823,1,1
2824,2824,1,1
2825,2825,None,None
2826,2826,None,None
2827,2827,1,1
2828,2828,None,None
2829,2829,None,None
2830,2830,None,None
2831,2831,1,1
2832,2832,1,1
2833,2833,1,1
2834,2834,1,1
2835,2835,1,1
2836,2836,1,1
2837,2837,1,1
2838,2838,1,1
2839,2839,1,1
2840,2840,1,1
2841,2841,1,1
2842,2842,1,1
2843,2843,1,1
2844,2844,1,1
2845,2845,1,1
2846,2846,1,1
2847,2847,1,1
2848,2848,1,1
2849,2849,1,1
2850,2850,None,None
2851,2851,1,1
2852,2852,1,1
2853,2853,1,1
2854,2854,1,1
2855,2855,1,1
2856,2856,1,1
2857,2857,1,1
2858,2858,1,1
2859,2859,1,1
2860,2860,1,1
2861,2861,1,1
2862,2862,1,1
2863,2863,1,1
2864,2864,1,1
2865,2865,1,1
2866,2866,1,1
2867,2867,1,1
2868,2868,1,1
2869,2869,1,1
2870,2870,None,None
2871,2871,1,1
2872,2872,1,1
2873,2873,1,1
2874,2874,1,1
2875,2875,1,1
2876,2876,1,1
2877,2877,1,1
2878,2878,1,1
2879,2879,1,1
2880,2880,1,1
2881,2881,1,1
2882,2882,1,1
2883,2883,1,1
2884,2884,1,1
2885,2885,1,1
2886,2886,1,1
2887,2887,1,1
2888,2888,1,1
2889,2889,1,1
2890,2890,1,1
2891,2891,1,1
2892,2892,1,1
2893,2893,1,1
2894,2894,1,1
2895,2895,1,1
2896,2896,1,1
2897,2897,1,1
2898,2898,1,1
2899,2899,1,1
2900,2900,1,1
2901,2901,None,None
2902,2902,1,1
2903,2903,None,1
2904,2904,1,1
2905,2905,1,1
2906,2906,1,1
2907,2907,1,1
2908,2908,1,1
2909,2909,1,1
2910,2910,13,3
2911,2911,1,1
2912,2912,1,1
2913,2913,1,1
2914,2914,1,1
2915,2915,1,1
2916,2916,1,1
2917,2917,1,1
2918,2918,1,1
2919,2919,1,1
2920,2920,1,1
2921,2921,1,1
2922,2922,1,1
2923,2923,1,1
2924,2924,1,1
2925,2925,1,1
2926,2926,1,1
2927,2927,1,1
2928,2928,1,1
2929,2929,1,1
2930,2930,1,1
2931,2931,1,1
2932,2932,1,1
2933,2933,1,1
2934,2934,1,1
2935,2935,1,1
2936,2936,1,1
2937,2937,1,1
2938,2938,1,1
2939,2939,1,1
2940,2940,1,1
2941,2941,1,1
2942,2942,1,1
2943,2943,1,1
2944,2944,1,1
2945,2945,1,1
2946,2946,1,1
2947,2947,1,1
2948,2948,1,1
2949,2949,1,1
2950,2950,1,1
2951,2951,1,1
2952,2952,1,1
2953,2953,1,1
2954,2954,1,1
2955,2955,1,1
2956,2956,1,1
2957,2957,1,1
2958,2958,1,1
2959,2959,1,1
2960,2960,1,1
2961,2961,1,1
2962,2962,1,1
2963,2963,1,1
2964,2964,1,1
2965,2965,1,1
2966,2966,1,1
2967,2967,1,1
2968,2968,1,1
2969,2969,1,1
2970,2970,1,1
2971,2971,1,1
2972,2972,1,1
2973,2973,1,1
2974,2974,1,1
2975,2975,1,1
2976,2976,1,1
2977,2977,1,1
2978,2978,1,1
2979,2979,1,1
2980,2980,1,1
2981,2981,1,1
2982,2982,1,1
2983,2983,1,1
2984,2984,1,1
2985,2985,1,1
2986,2986,1,1
2987,2987,1,1
2988,2988,1,1
2989,2989,1,1
2990,2990,1,1
2991,2991,1,1
2992,2992,1,1
2993,2993,1,1
2994,2994,1,1
2995,2995,None,1
2996,2996,1,1
2997,2997,1,1
2998,2998,1,1
2999,2999,1,1
3000,3000,1,1
3001,3001,None,None
3002,3002,1,1
3003,3003,1,1
3004,3004,1,1
3005,3005,1,1
3006,3006,1,1
3007,3007,1,1
3008,3008,4,3
3009,3009,1,1
3010,3010,1,1
3011,3011,1,1
3012,3012,1,1
3013,3013,1,1
3014,3014,1,1
3015,3015,1,1
3016,3016,1,1
3017,3017,1,1
3018,3018,1,1
3019,3019,1,1
3020,3020,1,1
3021,3021,1,1
3022,3022,1,1
3023,3023,1,1
3024,3024,1,1
3025,3025,1,1
3026,3026,1,1
3027,3027,None,None
3028,3028,None,None
3029,3029,1,1
3030,3030,1,1
3031,3031,1,1
3032,3032,1,1
3033,3033,1,1
3034,3034,1,1
3035,3035,1,1
3036,3036,1,1
3037,3037,1,1
3038,3038,1,1
3039,3039,1,1
3040,3040,1,1
3041,3041,1,1
3042,3042,1,1
3043,3043,1,1
3044,3044,1,1
3045,3045,1,1
3046,3046,1,1
3047,3047,1,1
3048,3048,1,1
3049,3049,1,1
3050,3050,1,1
3051,3051,1,1
3052,3052,1,1
3053,3053,1,1
3054,3054,1,1
3055,3055,1,1
3056,3056,1,1
3057,3057,1,1
3058,3058,1,1
3059,3059,1,1
3060,3060,1,1
3061,3061,1,1
3062,3062,1,1
3063,3063,1,1
3064,3064,1,1
3065,3065,1,1
3066,3066,1,1
3067,3067,1,1
3068,3068,1,1
3069,3069,1,1
3070,3070,1,1
3071,3071,12,1
3072,3072,1,1
3073,3073,1,1
3074,3074,1,1
3075,3075,1,1
3076,3076,None,1
3077,3077,1,1
3078,3078,1,1
3079,3079,1,1
3080,3080,1,1
3081,3081,1,1
3082,3082,1,1
3083,3083,1,1
3084,3084,1,1
3085,3085,1,1
3086,3086,1,1
3087,3087,1,1
3088,3088,1,1
3089,3089,1,1
3090,3090,1,1
3091,3091,1,1
3092,3092,1,1
3093,3093,1,1
3094,3094,1,1
3095,3095,1,1
3096,3096,1,1
3097,3097,1,1
3098,3098,1,1
3099,3099,1,1
3100,3100,1,1
3101,3101,1,1
3102,3102,1,1
3103,3103,1,1
3104,3104,1,1
3105,3105,1,1
3106,3106,1,1
3107,3107,1,1
3108,3108,1,1
3109,3109,1,1
3110,3110,1,1
3111,3111,1,1
3112,3112,1,1
3113,3113,1,1
3114,3114,1,1
3115,3115,1,1
3116,3116,1,1
3117,3117,1,1
3118,3118,1,1
3119,3119,1,1
3120,3120,1,1
3121,3121,1,1
3122,3122,1,1
3123,3123,1,1
3124,3124,1,1
3125,3125,1,1
3126,3126,1,1
3127,3127,1,1
3128,3128,1,1
3129,3129,1,1
3130,3130,1,1
3131,3131,1,1
3132,3132,1,1
3133,3133,1,1
3134,3134,1,1
3135,3135,1,1
3136,3136,1,1
3137,3137,1,1
3138,3138,1,1
3139,3139,1,1
3140,3140,1,1
3141,3141,1,1
3142,3142,1,1
3143,3143,1,1
3144,3144,1,1
3145,3145,1,1
3146,3146,1,1
3147,3147,None,None
3148,3148,None,None
3149,3149,None,None
3150,3150,None,None
3151,3151,None,None
3152,3152,None,None
3153,3153,None,None
3154,3154,None,None
3155,3155,None,None
3156,3156,None,None
3157,3157,None,None
3158,3158,None,None
3159,3159,None,None
3160,3160,None,None
3161,3161,None,None
3162,3162,None,None
3163,3163,1,1
3164,3164,1,1
3165,3165,1,1
3166,3166,1,1
3167,3167,1,1
3168,3168,1,1
3169,3169,1,1
3170,3170,1,1
3171,3171,1,1
3172,3172,1,1
3173,3173,1,1
3174,3174,1,1
3175,3175,1,1
3176,3176,1,1
3177,3177,1,1
3178,3178,1,1
3179,3179,1,1
3180,3180,1,1
3181,3181,1,1
3182,3182,1,1
3183,3183,1,1
3184,3184,1,1
3185,3185,1,1
3186,3186,1,1
3187,3187,1,1
3188,3188,1,1
3189,3189,1,1
3190,3190,1,1
3191,3191,1,1
3192,3192,1,1
3193,3193,1,1
3194,3194,1,1
3195,3195,1,1
3196,3196,1,1
3197,3197,1,1
3198,3198,1,1
3199,3199,None,None
3200,3200,1,1
3201,3201,None,None
3202,3202,None,None
3203,3203,None,None
3204,3204,None,None
3205,3205,None,None
3206,3206,None,None
3207,3207,None,None
3208,3208,None,None
3209,3209,None,None
3210,3210,None,None
3211,3211,None,None
3212,3212,None,None
3213,3213,1,1
3214,3214,1,1
3215,3215,1,1
3216,3216,1,1
3217,3217,1,1
3218,3218,1,1
3219,3219,1,1
3220,3220,1,1
3221,3221,1,1
3222,3222,1,1
3223,3223,1,1
3224,3224,1,1
3225,3225,1,1
3226,3226,1,1
3227,3227,1,1
3228,3228,1,1
3229,3229,1,1
3230,3230,1,1
3231,3231,1,1
3232,3232,1,1
3233,3233,1,1
3234,3234,1,1
3235,3235,1,1
3236,3236,1,1
3237,3237,1,1
3238,3238,1,1
3239,3239,1,1
3240,3240,1,1
3241,3241,1,1
3242,3242,1,1
3243,3243,1,1
3244,3244,1,1
3245,3245,1,1
3246,3246,1,1
3247,3247,1,1
3248,3248,1,1
3249,3249,1,1
3250,3250,1,1
3251,3251,1,1
3252,3252,1,1
3253,3253,1,1
3254,3254,1,1
3255,3255,1,1
3256,3256,1,1
3257,3257,1,1
3258,3258,1,1
3259,3259,1,1
3260,3260,1,1
3261,3261,1,1
3262,3262,1,1
3263,3263,1,1
3264,3264,1,1
3265,3265,1,1
3266,3266,1,1
3267,3267,1,1
3268,3268,1,1
3269,3269,1,1
3270,3270,1,1
3271,3271,1,1
3272,3272,1,1
3273,3273,1,1
3274,3274,1,1
3275,3275,1,1
3276,3276,1,1
3277,3277,1,1
3278,3278,1,1
3279,3279,1,1
3280,3280,None,None
3281,3281,1,1
3282,3282,1,1
3283,3283,1,1
3284,3284,1,1
3285,3285,1,1
3286,3286,1,1
3287,3287,1,1
3288,3288,1,1
3289,3289,1,1
3290,3290,1,1
3291,3291,1,1
3292,3292,1,1
3293,3293,1,1
3294,3294,1,1
3295,3295,1,1
3296,3296,1,1
3297,3297,1,1
3298,3298,1,1
3299,3299,1,1
3300,3300,1,1
3301,3301,1,1
3302,3302,1,1
3303,3303,1,1
3304,3304,1,1
3305,3305,1,1
3306,3306,1,1
3307,3307,1,1
3308,3308,1,1
3309,3309,1,1
3310,3310,1,1
3311,3311,1,1
3312,3312,1,1
3313,3313,1,1
3314,3314,1,1
3315,3315,1,1
3316,3316,1,1
3317,3317,1,1
3318,3318,1,1
3319,3319,1,1
3320,3320,1,1
3321,3321,1,1
3322,3322,1,1
3323,3323,1,1
3324,3324,1,1
3325,3325,1,1
3326,3326,1,1
3327,3327,1,1
3328,3328,1,1
3329,3329,1,1
3330,3330,1,1
3331,3331,1,1
3332,3332,1,1
3333,3333,1,1
3334,3334,1,1
3335,3335,1,1
3336,3336,1,1
3337,3337,1,1
3338,3338,1,1
3339,3339,1,1
3340,3340,1,1
3341,3341,1,1
3342,3342,1,1
3343,3343,1,1
3344,3344,1,1
3345,3345,1,1
3346,3346,1,1
3347,3347,1,1
3348,3348,1,1
3349,3349,1,1
3350,3350,1,1
3351,3351,1,1
3352,3352,1,1
3353,3353,1,1
3354,3354,1,1
3355,3355,1,1
3356,3356,1,1
3357,3357,1,1
3358,3358,1,1
3359,3359,1,1
3360,3360,1,1
3361,3361,1,1
3362,3362,1,1
3363,3363,1,1
3364,3364,1,1
3365,3365,1,1
3366,3366,1,1
3367,3367,1,1
3368,3368,1,1
3369,3369,1,1
3370,3370,1,1
3371,3371,1,1
3372,3372,1,1
3373,3373,1,1
3374,3374,1,1
3375,3375,1,1
3376,3376,1,1
3377,3377,1,1
3378,3378,1,1
3379,3379,1,1
3380,3380,1,1
3381,3381,1,1
3382,3382,1,1
3383,3383,1,1
3384,3384,1,1
3385,3385,1,1
3386,3386,1,1
3387,3387,13,3
3388,3388,1,1
3389,3389,1,1
3390,3390,1,1
3391,3391,1,1
3392,3392,1,1
3393,3393,1,1
3394,3394,1,1
3395,3395,1,1
3396,3396,1,1
3397,3397,1,1
3398,3398,1,1
3399,3399,1,1
3400,3400,1,1
3401,3401,1,1
3402,3402,1,1
3403,3403,1,1
3404,3404,1,1
3405,3405,1,1
3406,3406,1,1
3407,3407,1,1
3408,3408,1,1
3409,3409,1,1
3410,3410,1,1
3411,3411,1,1
3412,3412,1,1
3413,3413,1,1
3414,3414,1,1
3415,3415,1,1
3416,3416,1,1
3417,3417,1,1
3418,3418,1,1
3419,3419,1,1
3420,3420,1,1
3421,3421,1,1
3422,3422,5,1
3423,3423,1,1
3424,3424,1,1
3425,3425,1,1
3426,3426,1,1
3427,3427,1,1
3428,3428,1,1
3429,3429,1,1
3430,3430,1,1
3431,3431,1,1
3432,3432,1,1
3433,3433,1,1
3434,3434,1,1
3435,3435,1,1
3436,3436,1,1
3437,3437,1,1
3438,3438,1,1
3439,3439,1,1
3440,3440,1,1
3441,3441,1,1
3442,3442,1,1
3443,3443,1,1
3444,3444,1,1
3445,3445,1,1
3446,3446,1,1
3447,3447,1,1
3448,3448,1,1
3449,3449,1,1
3450,3450,1,1
3451,3451,1,1
3452,3452,1,1
3453,3453,1,1
3454,3454,1,1
3455,3455,1,1
3456,3456,1,1
3457,3457,1,1
3458,3458,1,1
3459,3459,1,1
3460,3460,1,1
3461,3461,1,1
3462,3462,1,1
3463,3463,1,1
3464,3464,1,1
3465,3465,1,1
3466,3466,4,2
3467,3467,1,1
3468,3468,1,1
3469,3469,1,1
3470,3470,1,1
3471,3471,1,1
3472,3472,1,1
3473,3473,1,1
3474,3474,1,1
3475,3475,1,1
3476,3476,1,1
3477,3477,1,1
3478,3478,1,1
3479,3479,1,1
3480,3480,1,1
3481,3481,1,1
3482,3482,1,1
3483,3483,1,1
3484,3484,1,1
3485,3485,1,1
3486,3486,1,1
3487,3487,1,1
3488,3488,1,1
3489,3489,1,1
3490,3490,1,1
3491,3491,1,1
3492,3492,1,1
3493,3493,1,1
3494,3494,1,1
3495,3495,1,1
3496,3496,1,1
3497,3497,1,1
3498,3498,1,1
3499,3499,1,1
3500,3500,1,1
3501,3501,1,1
3502,3502,1,1
3503,3503,1,1
3504,3504,1,1
3505,3505,1,1
3506,3506,None,None
3507,3507,1,1
3508,3508,1,1
3509,3509,1,1
3510,3510,1,1
3511,3511,1,1
3512,3512,1,1
3513,3513,1,1
3514,3514,1,1
3515,3515,1,1
3516,3516,1,1
3517,3517,1,1
3518,3518,1,1
3519,3519,1,1
3520,3520,1,1
3521,3521,1,1
3522,3522,1,1
3523,3523,1,1
3524,3524,1,1
3525,3525,1,1
3526,3526,None,None
3527,3527,None,None
3528,3528,None,None
3529,3529,None,None
3530,3530,None,None
3531,3531,None,None
3532,3532,None,None
3533,3533,None,None
3534,3534,None,None
3535,3535,None,None
3536,3536,None,None
3537,3537,None,None
3538,3538,None,None
3539,3539,None,None
3540,3540,None,None
3541,3541,None,None
3542,3542,None,None
3543,3543,None,None
3544,3544,None,None
3545,3545,1,1
3546,3546,1,1
3547,3547,1,1
3548,3548,1,1
3549,3549,1,1
3550,3550,1,1
3551,3551,1,1
3552,3552,1,1
3553,3553,1,1
3554,3554,1,1
3555,3555,1,1
3556,3556,1,1
3557,3557,1,1
3558,3558,1,1
3559,3559,None,None
3560,3560,None,None
3561,3561,None,None
3562,3562,None,None
3563,3563,None,None
3564,3564,None,None
3565,3565,None,None
3566,3566,None,None
3567,3567,None,None
3568,3568,None,None
3569,3569,None,None
3570,3570,None,None
3571,3571,None,None
3572,3572,None,None
3573,3573,None,None
3574,3574,None,None
3575,3575,None,None
3576,3576,None,None
3577,3577,None,None
3578,3578,1,1
3579,3579,None,None
3580,3580,None,None
3581,3581,None,None
3582,3582,None,None
3583,3583,None,None
3584,3584,None,None
3585,3585,None,None
3586,3586,None,None
3587,3587,1,1
3588,3588,1,1
3589,3589,1,1
3590,3590,1,1
3591,3591,1,1
3592,3592,1,1
3593,3593,1,1
3594,3594,1,1
3595,3595,1,1
3596,3596,1,1
3597,3597,1,1
3598,3598,1,1
3599,3599,1,1
3600,3600,1,1
3601,3601,1,1
3602,3602,1,1
3603,3603,1,1
3604,3604,1,1
3605,3605,1,1
3606,3606,1,1
3607,3607,1,1
3608,3608,1,1
3609,3609,1,1
3610,3610,1,1
3611,3611,1,1
3612,3612,1,1
3613,3613,1,1
3614,3614,1,1
3615,3615,1,1
3616,3616,1,1
3617,3617,None,None
3618,3618,4,2
3619,3619,4,2
3620,3620,4,2
3621,3621,4,2
3622,3622,1,1
3623,3623,1,1
3624,3624,1,1
3625,3625,4,2
3626,3626,1,1
3627,3627,1,1
3628,3628,1,1
3629,3629,1,1
3630,3630,1,1
3631,3631,None,None
3632,3632,None,None
3633,3633,1,1
3634,3634,1,None
3635,3635,None,None
3636,3636,None,None
3637,3637,None,None
3638,3638,None,None
3639,3639,None,None
3640,3640,None,None
3641,3641,None,None
3642,3642,None,None
3643,3643,None,None
3644,3644,None,None
3645,3645,None,None
3646,3646,None,None
3647,3647,None,None
3648,3648,None,None
3649,3649,None,None
3650,3650,None,None
3651,3651,None,None
3652,3652,1,1
3653,3653,1,None
3654,3654,None,None
3655,3655,None,None
3656,3656,1,1
3657,3657,1,1
3658,3658,1,1
3659,3659,1,1
3660,3660,1,1
3661,3661,1,1
3662,3662,1,1
3663,3663,1,1
3664,3664,1,1
3665,3665,1,1
3666,3666,1,1
3667,3667,1,1
3668,3668,None,None
3669,3669,1,1
3670,3670,1,1
3671,3671,1,1
3672,3672,1,1
3673,3673,1,1
3674,3674,None,None
3675,3675,None,None
3676,3676,None,None
3677,3677,1,1
3678,3678,1,1
3679,3679,1,1
3680,3680,None,1
3681,3681,1,1
3682,3682,1,1
3683,3683,1,1
3684,3684,1,1
3685,3685,1,1
3686,3686,1,1
3687,3687,1,1
3688,3688,1,1
3689,3689,1,1
3690,3690,1,1
3691,3691,1,1
3692,3692,1,1
3693,3693,1,1
3694,3694,1,1
3695,3695,1,1
3696,3696,1,1
3697,3697,1,1
3698,3698,1,1
3699,3699,1,1
3700,3700,1,1
3701,3701,1,1
3702,3702,1,1
3703,3703,4,3
3704,3704,1,1
3705,3705,1,1
3706,3706,1,1
3707,3707,1,1
3708,3708,1,1
3709,3709,1,1
3710,3710,1,1
3711,3711,1,1
3712,3712,1,1
3713,3713,1,1
3714,3714,1,1
3715,3715,1,1
3716,3716,1,1
3717,3717,1,1
3718,3718,1,1
3719,3719,1,1
3720,3720,1,1
3721,3721,1,1
3722,3722,1,1
3723,3723,1,1
3724,3724,1,1
3725,3725,1,1
3726,3726,1,1
3727,3727,1,1
3728,3728,1,1
3729,3729,1,1
3730,3730,1,1
3731,3731,2,2
3732,3732,1,1
3733,3733,13,4
3734,3734,1,1
3735,3735,1,1
3736,3736,1,1
3737,3737,1,1
3738,3738,1,1
3739,3739,1,1
3740,3740,1,1
3741,3741,1,1
3742,3742,1,1
3743,3743,1,1
3744,3744,1,1
3745,3745,1,1
3746,3746,1,1
3747,3747,1,1
3748,3748,1,1
3749,3749,1,1
3750,3750,1,1
3751,3751,1,1
3752,3752,1,1
3753,3753,1,1
3754,3754,1,1
3755,3755,1,1
3756,3756,1,1
3757,3757,1,1
3758,3758,1,1
3759,3759,1,1
3760,3760,None,None
3761,3761,None,None
3762,3762,None,None
3763,3763,1,1
3764,3764,1,1
3765,3765,1,1
3766,3766,1,1
3767,3767,None,None
3768,3768,1,1
3769,3769,None,None
3770,3770,None,None
3771,3771,1,1
3772,3772,1,1
3773,3773,1,1
3774,3774,1,1
3775,3775,None,None
3776,3776,None,None
3777,3777,None,None
3778,3778,None,None
3779,3779,None,None
3780,3780,None,None
3781,3781,None,None
3782,3782,None,None
3783,3783,None,None
3784,3784,1,1
3785,3785,1,1
3786,3786,1,1
3787,3787,1,1
3788,3788,1,1
3789,3789,None,None
3790,3790,None,None
3791,3791,None,None
3792,3792,None,None
3793,3793,None,None
3794,3794,None,None
3795,3795,1,1
3796,3796,1,1
3797,3797,1,1
3798,3798,1,1
3799,3799,1,1
3800,3800,None,None
3801,3801,1,1
3802,3802,1,1
3803,3803,None,None
3804,3804,None,None
3805,3805,None,None
3806,3806,None,None
3807,3807,None,None
3808,3808,None,None
3809,3809,1,1
3810,3810,1,1
3811,3811,1,1
3812,3812,1,1
3813,3813,1,1
3814,3814,1,1
3815,3815,None,None
3816,3816,None,None
3817,3817,None,None
3818,3818,1,1
3819,3819,1,1
3820,3820,1,1
3821,3821,1,1
3822,3822,1,1
3823,3823,1,1
3824,3824,1,1
3825,3825,None,None
3826,3826,None,None
3827,3827,None,None
3828,3828,None,None
3829,3829,None,None
3830,3830,None,None
3831,3831,None,None
3832,3832,None,None
3833,3833,None,None
3834,3834,None,None
3835,3835,None,None
3836,3836,None,None
3837,3837,None,None
3838,3838,None,None
3839,3839,None,None
3840,3840,None,None
3841,3841,None,None
3842,3842,None,None
3843,3843,None,None
3844,3844,None,None
3845,3845,None,None
3846,3846,None,None
3847,3847,None,None
3848,3848,None,None
3849,3849,None,None
3850,3850,None,None
3851,3851,None,None
3852,3852,None,None
3853,3853,None,None
3854,3854,None,None
3855,3855,None,None
3856,3856,None,None
3857,3857,None,None
3858,3858,None,None
3859,3859,None,None
3860,3860,None,None
3861,3861,None,None
3862,3862,None,None
3863,3863,None,None
3864,3864,None,None
3865,3865,None,None
3866,3866,None,None
3867,3867,None,None
3868,3868,None,None
3869,3869,None,None
3870,3870,None,None
3871,3871,None,None
3872,3872,None,None
3873,3873,None,None
3874,3874,None,None
3875,3875,None,None
3876,3876,None,None
3877,3877,None,None
3878,3878,None,None
3879,3879,None,None
3880,3880,None,None
3881,3881,None,None
3882,3882,None,None
3883,3883,None,None
3884,3884,None,None
3885,3885,None,None
3886,3886,None,None
3887,3887,None,None
3888,3888,None,None
3889,3889,None,None
3890,3890,None,None
3891,3891,None,None
3892,3892,None,None
3893,3893,None,None
3894,3894,None,None
3895,3895,None,None
3896,3896,None,None
3897,3897,None,None
3898,3898,None,None
3899,3899,None,None
3900,3900,None,None
3901,3901,None,None
3902,3902,None,None
3903,3903,None,None
3904,3904,None,None
3905,3905,None,None
3906,3906,None,None
3907,3907,None,None
3908,3908,None,None
3909,3909,None,None
3910,3910,None,None
3911,3911,None,None
3912,3912,None,None
3913,3913,None,None
3914,3914,None,None
3915,3915,None,None
3916,3916,None,None
3917,3917,None,None
3918,3918,None,None
3919,3919,None,None
3920,3920,None,None
3921,3921,None,None
3922,3922,None,None
3923,3923,1,1
3924,3924,1,1
3925,3925,1,1
3926,3926,1,1
3927,3927,1,1
3928,3928,1,1
3929,3929,1,1
3930,3930,1,1
3931,3931,1,1
3932,3932,1,1
3933,3933,1,1
3934,3934,1,1
3935,3935,1,1
3936,3936,1,1
3937,3937,1,1
3938,3938,1,1
3939,3939,1,1
3940,3940,1,1
3941,3941,1,1
3942,3942,1,1
3943,3943,1,1
3944,3944,1,1
3945,3945,1,1
3946,3946,1,1
3947,3947,None,None
3948,3948,1,1
3949,3949,1,1
3950,3950,1,1
3951,3951,1,1
3952,3952,1,1
3953,3953,1,1
3954,3954,1,1
3955,3955,1,1
3956,3956,1,1
3957,3957,1,1
3958,3958,1,1
3959,3959,1,1
3960,3960,4,3
3961,3961,4,1
3962,3962,4,2
3963,3963,4,3
3964,3964,None,None
3965,3965,None,None
3966,3966,None,None
3967,3967,None,None
3968,3968,None,None
3969,3969,1,1
3970,3970,1,1
3971,3971,1,1
3972,3972,1,1
3973,3973,None,None
3974,3974,1,1
3975,3975,1,1
3976,3976,1,1
3977,3977,1,1
3978,3978,1,1
3979,3979,1,1
3980,3980,1,1
3981,3981,1,1
3982,3982,1,1
3983,3983,1,1
3984,3984,1,1
3985,3985,1,1
3986,3986,1,1
3987,3987,1,1
3988,3988,None,None
3989,3989,1,1
3990,3990,1,1
3991,3991,1,1
3992,3992,1,1
3993,3993,1,1
3994,3994,1,1
3995,3995,1,1
3996,3996,None,1
3997,3997,1,None
3998,3998,1,1
3999,3999,1,1
4000,4000,1,1
4001,4001,1,1
4002,4002,1,1
4003,4003,1,1
4004,4004,None,None
4005,4005,1,1
4006,4006,1,1
4007,4007,1,1
4008,4008,None,None
4009,4009,1,1
4010,4010,10,1
4011,4011,1,1
4012,4012,1,1
4013,4013,1,1
4014,4014,1,1
4015,4015,1,1
4016,4016,1,1
4017,4017,1,1
4018,4018,1,1
4019,4019,1,1
4020,4020,1,1
4021,4021,1,1
4022,4022,1,1
4023,4023,1,1
4024,4024,1,1
4025,4025,1,1
4026,4026,None,None
4027,4027,None,None
4028,4028,None,None
4029,4029,None,None
4030,4030,None,None
4031,4031,1,None
4032,4032,None,None
4033,4033,1,1
4034,4034,1,1
4035,4035,1,1
4036,4036,1,1
4037,4037,1,1
4038,4038,1,1
4039,4039,1,1
4040,4040,1,1
4041,4041,1,1
4042,4042,1,1
4043,4043,1,1
4044,4044,1,1
4045,4045,1,1
4046,4046,1,1
4047,4047,1,1
4048,4048,1,1
4049,4049,1,1
4050,4050,1,1
4051,4051,None,None
4052,4052,None,None
4053,4053,None,None
4054,4054,None,None
4055,4055,1,1
4056,4056,1,1
4057,4057,1,1
4058,4058,1,1
4059,4059,1,1
4060,4060,1,1
4061,4061,1,1
4062,4062,1,1
4063,4063,1,1
4064,4064,1,1
4065,4065,1,1
4066,4066,1,1
4067,4067,1,1
4068,4068,1,1
4069,4069,1,1
4070,4070,4,2
4071,4071,1,1
4072,4072,4,2
4073,4073,4,2
4074,4074,13,2
4075,4075,1,1
4076,4076,1,1
4077,4077,4,2
4078,4078,13,2
4079,4079,1,1
4080,4080,4,2
4081,4081,1,1
4082,4082,1,1
4083,4083,1,1
4084,4084,1,1
4085,4085,1,1
4086,4086,1,1
4087,4087,1,1
4088,4088,1,1
4089,4089,1,1
4090,4090,1,1
4091,4091,1,1
4092,4092,1,1
4093,4093,1,1
4094,4094,1,1
4095,4095,1,1
4096,4096,1,1
4097,4097,1,1
4098,4098,1,1
4099,4099,1,1
4100,4100,1,1
4101,4101,1,1
4102,4102,1,1
4103,4103,1,1
4104,4104,1,1
4105,4105,1,1
4106,4106,1,1
4107,4107,1,1
4108,4108,1,1
4109,4109,1,1
4110,4110,1,1
4111,4111,1,1
4112,4112,1,1
4113,4113,1,1
4114,4114,1,1
4115,4115,1,1
4116,4116,1,1
4117,4117,1,1
4118,4118,1,1
4119,4119,1,1
4120,4120,1,1
4121,4121,1,1
4122,4122,1,1
4123,4123,1,1
4124,4124,1,1
4125,4125,1,1
4126,4126,1,1
4127,4127,1,1
4128,4128,1,1
4129,4129,1,1
4130,4130,1,1
4131,4131,1,1
4132,4132,1,1
4133,4133,1,1
4134,4134,1,1
4135,4135,1,1
4136,4136,1,1
4137,4137,None,None
4138,4138,1,1
4139,4139,1,1
4140,4140,None,1
4141,4141,1,1
4142,4142,None,None
4143,4143,None,None
4144,4144,None,None
4145,4145,None,None
4146,4146,None,None
4147,4147,None,None
4148,4148,None,None
4149,4149,None,None
4150,4150,None,None
4151,4151,None,None
4152,4152,None,None
4153,4153,None,None
4154,4154,None,None
4155,4155,1,1
4156,4156,1,1
4157,4157,1,1
4158,4158,1,1
4159,4159,1,1
4160,4160,1,1
4161,4161,1,1
4162,4162,1,1
4163,4163,1,1
4164,4164,1,1
4165,4165,1,1
4166,4166,1,1
4167,4167,1,1
4168,4168,1,1
4169,4169,1,1
4170,4170,1,1
4171,4171,1,1
4172,4172,1,1
4173,4173,1,1
4174,4174,1,1
4175,4175,1,1
4176,4176,1,1
4177,4177,1,1
4178,4178,1,1
4179,4179,1,1
4180,4180,1,1
4181,4181,1,1
4182,4182,1,1
4183,4183,1,1
4184,4184,1,1
4185,4185,1,1
4186,4186,1,1
4187,4187,1,1
4188,4188,1,1
4189,4189,1,1
4190,4190,1,1
4191,4191,1,1
4192,4192,1,1
4193,4193,1,1
4194,4194,1,1
4195,4195,1,1
4196,4196,1,1
4197,4197,1,1
4198,4198,1,1
4199,4199,1,1
4200,4200,1,1
4201,4201,1,1
4202,4202,1,1
4203,4203,1,1
4204,4204,1,1
4205,4205,1,1
4206,4206,1,1
4207,4207,1,1
4208,4208,1,1
4209,4209,1,1
4210,4210,1,1
4211,4211,1,1
4212,4212,1,1
4213,4213,1,1
4214,4214,1,1
4215,4215,1,1
4216,4216,1,1
4217,4217,1,1
4218,4218,1,1
4219,4219,1,1
4220,4220,1,1
4221,4221,1,1
4222,4222,1,1
4223,4223,1,1
4224,4224,1,1
4225,4225,1,1
4226,4226,1,1
4227,4227,1,1
4228,4228,1,1
4229,4229,1,1
4230,4230,1,1
4231,4231,1,1
4232,4232,1,1
4233,4233,1,1
4234,4234,1,1
4235,4235,1,1
4236,4236,1,1
4237,4237,1,1
4238,4238,1,1
4239,4239,1,1
4240,4240,1,1
4241,4241,1,1
4242,4242,1,1
4243,4243,1,1
4244,4244,1,1
4245,4245,1,1
4246,4246,1,1
4247,4247,1,1
4248,4248,1,1
4249,4249,1,1
4250,4250,1,1
4251,4251,1,1
4252,4252,1,1
4253,4253,1,1
4254,4254,1,1
4255,4255,1,1
4256,4256,1,1
4257,4257,1,None
4258,4258,None,1
4259,4259,1,1
4260,4260,1,1
4261,4261,1,1
4262,4262,1,1
4263,4263,1,1
4264,4264,1,1
4265,4265,1,1
4266,4266,1,1
4267,4267,1,1
4268,4268,1,1
4269,4269,1,1
4270,4270,1,1
4271,4271,1,1
4272,4272,1,1
4273,4273,1,1
4274,4274,1,1
4275,4275,1,1
4276,4276,1,1
4277,4277,1,1
4278,4278,1,1
4279,4279,1,1
4280,4280,1,1
4281,4281,1,1
4282,4282,1,1
4283,4283,1,1
4284,4284,1,1
4285,4285,1,1
4286,4286,1,1
4287,4287,1,1
4288,4288,1,1
4289,4289,1,1
4290,4290,1,1
4291,4291,1,1
4292,4292,1,1
4293,4293,1,1
4294,4294,13,1
4295,4295,1,1
4296,4296,1,1
4297,4297,1,1
4298,4298,1,1
4299,4299,1,1
4300,4300,1,1
4301,4301,1,1
4302,4302,1,1
4303,4303,1,1
4304,4304,1,1
4305,4305,1,1
4306,4306,1,1
4307,4307,1,1
4308,4308,1,1
4309,4309,1,1
4310,4310,1,1
4311,4311,1,1
4312,4312,1,1
4313,4313,1,1
4314,4314,1,1
4315,4315,1,1
4316,4316,1,1
4317,4317,1,1
4318,4318,1,1
4319,4319,None,None
4320,4320,None,None
4321,4321,None,None
4322,4322,None,None
4323,4323,None,None
4324,4324,1,1
4325,4325,1,1
4326,4326,1,1
4327,4327,1,1
4328,4328,1,1
4329,4329,1,1
4330,4330,1,1
4331,4331,1,1
4332,4332,1,1
4333,4333,1,1
4334,4334,1,1
4335,4335,1,1
4336,4336,1,1
4337,4337,1,1
4338,4338,1,1
4339,4339,1,1
4340,4340,1,1
4341,4341,1,1
4342,4342,1,1
4343,4343,1,1
4344,4344,1,1
4345,4345,1,1
4346,4346,1,1
4347,4347,1,1
4348,4348,1,1
4349,4349,1,1
4350,4350,1,1
4351,4351,1,1
4352,4352,1,1
4353,4353,1,1
4354,4354,1,1
4355,4355,1,1
4356,4356,1,1
4357,4357,1,1
4358,4358,1,1
4359,4359,1,1
4360,4360,1,1
4361,4361,1,1
4362,4362,1,1
4363,4363,1,1
4364,4364,1,1
4365,4365,1,1
4366,4366,1,1
4367,4367,None,None
4368,4368,None,None
4369,4369,None,None
4370,4370,None,None
4371,4371,None,None
4372,4372,1,1
4373,4373,None,None
4374,4374,None,None
4375,4375,1,1
4376,4376,1,1
4377,4377,1,1
4378,4378,1,1
4379,4379,1,1
4380,4380,1,1
4381,4381,1,1
4382,4382,1,1
4383,4383,1,1
4384,4384,1,1
4385,4385,1,1
4386,4386,1,1
4387,4387,1,1
4388,4388,1,1
4389,4389,1,1
4390,4390,1,1
4391,4391,1,1
4392,4392,1,1
4393,4393,1,1
4394,4394,1,1
4395,4395,1,1
4396,4396,1,1
4397,4397,1,1
4398,4398,1,1
4399,4399,None,None
4400,4400,None,None
4401,4401,None,None
4402,4402,None,None
4403,4403,None,None
4404,4404,None,None
4405,4405,None,None
4406,4406,None,None
4407,4407,None,None
4408,4408,None,None
4409,4409,None,None
4410,4410,None,None
4411,4411,None,None
4412,4412,None,None
4413,4413,None,None
4414,4414,1,1
4415,4415,None,None
4416,4416,None,None
4417,4417,None,None
4418,4418,None,None
4419,4419,None,None
4420,4420,None,None
4421,4421,None,None
4422,4422,None,None
4423,4423,None,None
4424,4424,None,None
4425,4425,None,None
4426,4426,None,None
4427,4427,None,None
4428,4428,None,None
4429,4429,None,None
4430,4430,None,None
4431,4431,None,None
4432,4432,None,None
4433,4433,None,None
4434,4434,None,None
4435,4435,None,None
4436,4436,1,1
4437,4437,1,1
4438,4438,1,1
4439,4439,1,1
4440,4440,1,1
4441,4441,1,1
4442,4442,1,1
4443,4443,1,1
4444,4444,1,1
4445,4445,1,1
4446,4446,12,1
4447,4447,1,1
4448,4448,1,1
4449,4449,1,1
4450,4450,1,1
4451,4451,1,1
4452,4452,1,1
4453,4453,1,1
4454,4454,1,1
4455,4455,1,1
4456,4456,1,1
4457,4457,1,1
4458,4458,1,1
4459,4459,1,1
4460,4460,1,1
4461,4461,1,1
4462,4462,1,1
4463,4463,1,1
4464,4464,1,1
4465,4465,1,1
4466,4466,1,1
4467,4467,1,1
4468,4468,1,1
4469,4469,1,1
4470,4470,1,1
4471,4471,1,1
4472,4472,1,1
4473,4473,1,1
4474,4474,1,1
4475,4475,1,1
4476,4476,1,1
4477,4477,1,1
4478,4478,1,1
4479,4479,1,1
4480,4480,1,1
4481,4481,1,1
4482,4482,1,1
4483,4483,1,1
4484,4484,1,1
4485,4485,1,1
4486,4486,1,1
4487,4487,1,1
4488,4488,1,1
4489,4489,1,1
4490,4490,1,1
4491,4491,1,1
4492,4492,1,1
4493,4493,1,1
4494,4494,4,2
4495,4495,1,1
4496,4496,1,1
4497,4497,1,1
4498,4498,1,1
4499,4499,1,1
4500,4500,1,1
4501,4501,1,1
4502,4502,1,1
4503,4503,1,1
4504,4504,1,1
4505,4505,1,1
4506,4506,1,1
4507,4507,1,1
4508,4508,1,1
4509,4509,1,1
4510,4510,1,1
4511,4511,1,1
4512,4512,1,1
4513,4513,1,1
4514,4514,1,1
4515,4515,1,1
4516,4516,1,1
4517,4517,1,1
4518,4518,1,1
4519,4519,1,1
4520,4520,1,1
4521,4521,1,1
4522,4522,1,1
4523,4523,1,1
4524,4524,1,1
4525,4525,1,1
4526,4526,1,1
4527,4527,1,1
4528,4528,1,1
4529,4529,1,1
4530,4530,1,1
4531,4531,1,1
4532,4532,1,1
4533,4533,1,1
4534,4534,1,1
4535,4535,1,1
4536,4536,10,1
4537,4537,1,1
4538,4538,1,1
4539,4539,1,1
4540,4540,1,1
4541,4541,1,1
4542,4542,1,1
4543,4543,1,1
4544,4544,1,1
4545,4545,1,1
4546,4546,1,1
4547,4547,1,1
4548,4548,1,1
4549,4549,1,1
4550,4550,1,1
4551,4551,1,1
4552,4552,1,1
4553,4553,1,1
4554,4554,1,1
4555,4555,1,1
4556,4556,1,1
4557,4557,1,1
4558,4558,1,1
4559,4559,1,1
4560,4560,1,1
4561,4561,1,1
4562,4562,1,1
4563,4563,1,1
4564,4564,1,1
4565,4565,1,1
4566,4566,1,1
4567,4567,1,1
4568,4568,1,1
4569,4569,1,1
4570,4570,1,1
4571,4571,1,1
4572,4572,1,1
4573,4573,1,1
4574,4574,1,1
4575,4575,None,None
4576,4576,None,None
4577,4577,None,None
4578,4578,12,None
4579,4579,None,None
4580,4580,None,None
4581,4581,None,None
4582,4582,None,None
4583,4583,None,None
4584,4584,None,None
4585,4585,None,None
4586,4586,1,1
4587,4587,1,1
4588,4588,1,1
4589,4589,1,1
4590,4590,1,1
4591,4591,1,1
4592,4592,1,1
4593,4593,1,1
4594,4594,1,1
4595,4595,1,1
4596,4596,1,1
4597,4597,1,1
4598,4598,1,1
4599,4599,None,None
4600,4600,None,None
4601,4601,None,None
4602,4602,None,None
4603,4603,None,None
4604,4604,None,None
4605,4605,None,None
4606,4606,None,None
4607,4607,1,1
4608,4608,1,1
4609,4609,1,1
4610,4610,None,None
4611,4611,None,None
4612,4612,None,None
4613,4613,None,None
4614,4614,1,1
4615,4615,1,1
4616,4616,1,1
4617,4617,1,1
4618,4618,1,1
4619,4619,1,1
4620,4620,1,1
4621,4621,1,1
4622,4622,1,1
4623,4623,1,1
4624,4624,1,1
4625,4625,1,1
4626,4626,1,1
4627,4627,1,1
4628,4628,1,1
4629,4629,1,1
4630,4630,1,1
4631,4631,1,1
4632,4632,1,1
4633,4633,1,1
4634,4634,1,1
4635,4635,None,None
4636,4636,None,None
4637,4637,None,None
4638,4638,None,None
4639,4639,None,None
4640,4640,None,None
4641,4641,None,None
4642,4642,None,None
4643,4643,None,None
4644,4644,None,None
4645,4645,None,None
4646,4646,None,None
4647,4647,None,None
4648,4648,None,None
4649,4649,None,None
4650,4650,None,None
4651,4651,None,None
4652,4652,None,None
4653,4653,None,None
4654,4654,None,None
4655,4655,None,None
4656,4656,None,None
4657,4657,None,None
4658,4658,None,None
4659,4659,None,None
4660,4660,None,None
4661,4661,None,None
4662,4662,None,None
4663,4663,None,None
4664,4664,None,None
4665,4665,None,None
4666,4666,None,None
4667,4667,1,1
4668,4668,1,1
4669,4669,1,1
4670,4670,1,1
4671,4671,1,1
4672,4672,1,1
4673,4673,1,1
4674,4674,1,1
4675,4675,1,1
4676,4676,None,None
4677,4677,13,1
4678,4678,1,1
4679,4679,1,1
4680,4680,None,None
4681,4681,None,None
4682,4682,None,None
4683,4683,None,None
4684,4684,None,None
4685,4685,None,None
4686,4686,None,None
4687,4687,None,None
4688,4688,None,None
4689,4689,None,None
4690,4690,1,1
4691,4691,1,1
4692,4692,1,1
4693,4693,1,1
4694,4694,1,1
4695,4695,1,1
4696,4696,1,1
4697,4697,1,1
4698,4698,1,1
4699,4699,1,1
4700,4700,1,1
4701,4701,1,1
4702,4702,1,1
4703,4703,1,1
4704,4704,1,1
4705,4705,1,1
4706,4706,1,1
4707,4707,1,1
4708,4708,1,1
4709,4709,1,1
4710,4710,1,1
4711,4711,1,1
4712,4712,1,1
4713,4713,1,1
4714,4714,1,1
4715,4715,1,1
4716,4716,1,1
4717,4717,1,1
4718,4718,1,1
4719,4719,1,1
4720,4720,13,2
4721,4721,1,1
4722,4722,4,2
4723,4723,1,1
4724,4724,13,2
4725,4725,1,1
4726,4726,None,None
4727,4727,None,None
4728,4728,None,None
4729,4729,None,None
4730,4730,1,1
4731,4731,1,1
4732,4732,1,1
4733,4733,1,1
4734,4734,1,1
4735,4735,1,1
4736,4736,1,1
4737,4737,1,1
4738,4738,1,1
4739,4739,1,1
4740,4740,1,1
4741,4741,1,1
4742,4742,1,1
4743,4743,1,1
4744,4744,1,1
4745,4745,1,1
4746,4746,1,1
4747,4747,1,1
4748,4748,1,1
4749,4749,1,1
4750,4750,1,1
4751,4751,1,1
4752,4752,1,1
4753,4753,1,1
4754,4754,1,1
4755,4755,1,1
4756,4756,1,1
4757,4757,1,1
4758,4758,None,None
4759,4759,1,1
4760,4760,None,None
4761,4761,1,1
4762,4762,1,1
4763,4763,1,1
4764,4764,1,1
4765,4765,1,1
4766,4766,1,1
4767,4767,1,1
4768,4768,1,1
4769,4769,1,1
4770,4770,1,1
4771,4771,1,1
4772,4772,1,1
4773,4773,1,1
4774,4774,1,1
4775,4775,1,1
4776,4776,1,1
4777,4777,1,1
4778,4778,1,1
4779,4779,1,1
4780,4780,None,None
4781,4781,1,1
4782,4782,1,1
4783,4783,1,1
4784,4784,1,1
4785,4785,1,1
4786,4786,1,1
4787,4787,1,1
4788,4788,1,1
4789,4789,1,1
4790,4790,1,1
4791,4791,1,1
4792,4792,1,1
4793,4793,1,1
4794,4794,1,1
4795,4795,1,1
4796,4796,1,1
4797,4797,1,1
4798,4798,1,1
4799,4799,1,1
4800,4800,1,1
4801,4801,1,1
4802,4802,1,1
4803,4803,1,1
4804,4804,1,1
4805,4805,1,1
4806,4806,1,1
4807,4807,1,1
4808,4808,1,1
4809,4809,1,1
4810,4810,1,1
4811,4811,1,1
4812,4812,1,1
4813,4813,1,1
4814,4814,1,1
4815,4815,1,1
4816,4816,1,1
4817,4817,1,1
4818,4818,1,1
4819,4819,1,1
4820,4820,1,1
4821,4821,1,1
4822,4822,1,1
4823,4823,1,1
4824,4824,1,1
4825,4825,1,1
4826,4826,1,1
4827,4827,1,1
4828,4828,1,1
4829,4829,1,1
4830,4830,4,2
4831,4831,1,1
4832,4832,None,None
4833,4833,None,None
4834,4834,None,None
4835,4835,1,1
4836,4836,1,1
4837,4837,1,1
4838,4838,1,1
4839,4839,1,1
4840,4840,1,1
4841,4841,1,1
4842,4842,1,1
4843,4843,1,1
4844,4844,1,1
4845,4845,1,1
4846,4846,1,1
4847,4847,1,1
4848,4848,1,1
4849,4849,1,1
4850,4850,1,1
4851,4851,1,1
4852,4852,1,1
4853,4853,1,1
4854,4854,1,1
4855,4855,1,1
4856,4856,1,1
4857,4857,1,1
4858,4858,1,1
4859,4859,1,1
4860,4860,1,1
4861,4861,1,1
4862,4862,1,1
4863,4863,1,1
4864,4864,1,1
4865,4865,1,1
4866,4866,1,1
4867,4867,1,1
4868,4868,1,1
4869,4869,1,1
4870,4870,1,1
4871,4871,1,1
4872,4872,1,1
4873,4873,1,1
4874,4874,1,1
4875,4875,1,1
4876,4876,1,1
4877,4877,1,1
4878,4878,1,1
4879,4879,1,1
4880,4880,1,1
4881,4881,1,1
4882,4882,1,1
4883,4883,1,1
4884,4884,1,1
4885,4885,1,1
4886,4886,1,1
4887,4887,1,1
4888,4888,1,1
4889,4889,1,1
4890,4890,1,1
4891,4891,1,1
4892,4892,1,1
4893,4893,1,1
4894,4894,1,1
4895,4895,1,1
4896,4896,1,1
4897,4897,1,1
4898,4898,1,1
4899,4899,1,1
4900,4900,1,1
4901,4901,1,1
4902,4902,1,1
4903,4903,1,1
4904,4904,1,1
4905,4905,1,1
4906,4906,1,1
4907,4907,1,1
4908,4908,1,1
4909,4909,1,1
4910,4910,1,1
4911,4911,1,1
4912,4912,1,1
4913,4913,1,1
4914,4914,1,1
4915,4915,1,1
4916,4916,1,1
4917,4917,1,1
4918,4918,1,1
4919,4919,1,1
4920,4920,1,1
4921,4921,1,1
4922,4922,1,1
4923,4923,1,1
4924,4924,1,1
4925,4925,1,1
4926,4926,1,1
4927,4927,1,1
4928,4928,1,1
4929,4929,1,1
4930,4930,1,1
4931,4931,1,1
4932,4932,1,1
4933,4933,1,1
4934,4934,1,1
4935,4935,1,1
4936,4936,1,1
4937,4937,1,1
4938,4938,1,1
4939,4939,1,1
4940,4940,1,1
4941,4941,1,1
4942,4942,1,1
4943,4943,1,1
4944,4944,1,1
4945,4945,1,1
4946,4946,1,1
4947,4947,1,1
4948,4948,None,None
4949,4949,None,None
4950,4950,1,1
4951,4951,1,1
4952,4952,1,1
4953,4953,1,1
4954,4954,1,1
4955,4955,1,1
4956,4956,1,1
4957,4957,1,1
4958,4958,1,1
4959,4959,1,1
4960,4960,1,1
4961,4961,1,1
4962,4962,1,1
4963,4963,1,1
4964,4964,1,1
4965,4965,1,1
4966,4966,1,1
4967,4967,1,1
4968,4968,1,1
4969,4969,1,1
4970,4970,1,1
4971,4971,1,1
4972,4972,1,1
4973,4973,1,1
4974,4974,1,1
4975,4975,1,1
4976,4976,1,1
4977,4977,1,1
4978,4978,1,1
4979,4979,1,1
4980,4980,1,1
4981,4981,1,1
4982,4982,1,1
4983,4983,1,1
4984,4984,13,None
4985,4985,1,1
4986,4986,1,1
4987,4987,1,1
4988,4988,1,1
4989,4989,1,1
4990,4990,1,1
4991,4991,1,1
4992,4992,1,1
4993,4993,1,1
4994,4994,1,1
4995,4995,1,1
4996,4996,1,1
4997,4997,1,None
4998,4998,1,1
4999,4999,1,1
5000,5000,1,1
5001,5001,1,1
5002,5002,1,1
5003,5003,13,1
5004,5004,1,1
5005,5005,1,1
5006,5006,1,1
5007,5007,1,1
5008,5008,1,1
5009,5009,1,1
5010,5010,1,1
5011,5011,1,1
5012,5012,1,1
5013,5013,1,1
5014,5014,1,1
5015,5015,1,1
5016,5016,1,1
5017,5017,1,1
5018,5018,1,1
5019,5019,1,1
5020,5020,1,1
5021,5021,1,1
5022,5022,1,1
5023,5023,1,1
5024,5024,1,1
5025,5025,1,1
5026,5026,1,1
5027,5027,1,1
5028,5028,1,1
5029,5029,1,1
5030,5030,1,1
5031,5031,1,1
5032,5032,1,1
5033,5033,1,1
5034,5034,1,1
5035,5035,1,1
5036,5036,1,1
5037,5037,1,1
5038,5038,1,1
5039,5039,1,1
5040,5040,1,1
5041,5041,1,1
5042,5042,1,1
5043,5043,1,1
5044,5044,1,1
5045,5045,1,1
5046,5046,1,1
5047,5047,1,1
5048,5048,1,1
5049,5049,1,1
5050,5050,None,None
5051,5051,None,None
5052,5052,None,None
5053,5053,None,None
5054,5054,None,None
5055,5055,None,None
5056,5056,None,None
5057,5057,None,None
5058,5058,None,None
5059,5059,None,None
5060,5060,1,1
5061,5061,1,1
5062,5062,1,1
5063,5063,1,1
5064,5064,1,1
5065,5065,1,1
5066,5066,1,1
5067,5067,1,1
5068,5068,1,1
5069,5069,1,1
5070,5070,1,1
5071,5071,1,1
5072,5072,1,1
5073,5073,1,1
5074,5074,1,1
5075,5075,1,1
5076,5076,1,1
5077,5077,1,1
5078,5078,1,1
5079,5079,1,1
5080,5080,1,1
5081,5081,1,1
5082,5082,1,1
5083,5083,1,1
5084,5084,1,1
5085,5085,1,1
5086,5086,4,2
5087,5087,1,1
5088,5088,1,1
5089,5089,1,1
5090,5090,1,1
5091,5091,1,1
5092,5092,4,2
5093,5093,1,1
5094,5094,1,1
5095,5095,1,1
5096,5096,1,1
5097,5097,1,1
5098,5098,1,1
5099,5099,1,1
5100,5100,1,1
5101,5101,1,1
5102,5102,1,1
5103,5103,1,1
5104,5104,1,1
5105,5105,1,1
5106,5106,1,1
5107,5107,1,1
5108,5108,1,1
5109,5109,1,1
5110,5110,1,1
5111,5111,1,1
5112,5112,1,1
5113,5113,1,1
5114,5114,1,1
5115,5115,1,1
5116,5116,1,1
5117,5117,1,1
5118,5118,1,1
5119,5119,1,1
5120,5120,None,None
5121,5121,None,None
5122,5122,None,None
5123,5123,None,None
5124,5124,None,None
5125,5125,None,None
5126,5126,1,1
5127,5127,1,1
5128,5128,1,1
5129,5129,1,1
5130,5130,1,1
5131,5131,1,1
5132,5132,1,1
5133,5133,1,1
5134,5134,1,1
5135,5135,1,1
5136,5136,None,None
5137,5137,None,None
5138,5138,None,None
5139,5139,None,None
5140,5140,None,None
5141,5141,None,None
5142,5142,None,None
5143,5143,None,None
5144,5144,None,None
5145,5145,None,None
5146,5146,None,None
5147,5147,None,None
5148,5148,None,None
5149,5149,None,None
5150,5150,None,None
5151,5151,None,None
5152,5152,None,None
5153,5153,None,None
5154,5154,None,None
5155,5155,None,None
5156,5156,None,None
5157,5157,None,None
5158,5158,None,None
5159,5159,None,None
5160,5160,None,None
5161,5161,None,None
5162,5162,None,None
5163,5163,None,None
5164,5164,None,None
5165,5165,None,None
5166,5166,None,None
5167,5167,None,None
5168,5168,None,None
5169,5169,None,None
5170,5170,None,None
5171,5171,None,None
5172,5172,None,None
5173,5173,None,None
5174,5174,None,None
5175,5175,1,1
5176,5176,1,1
5177,5177,1,1
5178,5178,None,None
5179,5179,None,None
5180,5180,None,None
5181,5181,None,None
5182,5182,None,None
5183,5183,None,None
5184,5184,None,None
5185,5185,12,1
5186,5186,1,1
5187,5187,1,1
5188,5188,1,1
5189,5189,None,None
5190,5190,1,1
5191,5191,1,1
5192,5192,1,1
5193,5193,1,1
5194,5194,1,1
5195,5195,1,1
5196,5196,1,1
5197,5197,1,1
5198,5198,1,1
5199,5199,1,1
5200,5200,1,1
5201,5201,1,1
5202,5202,None,None
5203,5203,None,None
5204,5204,None,None
5205,5205,None,None
5206,5206,None,None
5207,5207,None,None
5208,5208,None,None
5209,5209,None,None
5210,5210,None,None
5211,5211,None,None
5212,5212,None,None
5213,5213,None,None
5214,5214,None,None
5215,5215,None,None
5216,5216,None,None
5217,5217,None,None
5218,5218,None,None
5219,5219,None,None
5220,5220,None,None
5221,5221,None,None
5222,5222,None,None
5223,5223,None,None
5224,5224,None,None
5225,5225,None,None
5226,5226,None,None
5227,5227,None,None
5228,5228,None,None
5229,5229,None,None
5230,5230,None,None
5231,5231,1,1
5232,5232,1,1
5233,5233,1,1
5234,5234,1,1
5235,5235,1,1
5236,5236,1,1
5237,5237,1,1
5238,5238,1,1
5239,5239,1,1
5240,5240,None,None
5241,5241,None,None
5242,5242,None,None
5243,5243,None,None
5244,5244,None,None
5245,5245,None,None
5246,5246,None,None
5247,5247,None,None
5248,5248,None,None
5249,5249,1,1
5250,5250,1,1
5251,5251,1,1
5252,5252,1,1
5253,5253,1,1
5254,5254,None,None
5255,5255,None,None
5256,5256,None,None
5257,5257,None,None
5258,5258,None,None
5259,5259,None,None
5260,5260,None,None
5261,5261,None,None
5262,5262,None,None
5263,5263,None,None
5264,5264,None,None
5265,5265,None,None
5266,5266,None,None
5267,5267,None,None
5268,5268,None,None
5269,5269,None,None
5270,5270,None,None
5271,5271,None,None
5272,5272,None,None
5273,5273,None,None
5274,5274,None,None
5275,5275,1,1
5276,5276,1,1
5277,5277,1,1
5278,5278,1,1
5279,5279,1,1
5280,5280,1,1
5281,5281,1,1
5282,5282,1,1
5283,5283,1,1
5284,5284,1,1
5285,5285,1,1
5286,5286,1,1
5287,5287,1,1
5288,5288,1,1
5289,5289,1,1
5290,5290,1,1
5291,5291,1,1
5292,5292,1,1
5293,5293,1,1
5294,5294,1,1
5295,5295,1,1
5296,5296,1,1
5297,5297,1,1
5298,5298,1,1
5299,5299,1,1
5300,5300,1,1
5301,5301,1,1
5302,5302,1,1
5303,5303,1,1
5304,5304,1,1
5305,5305,1,1
5306,5306,1,1
5307,5307,1,1
5308,5308,1,1
5309,5309,1,1
5310,5310,1,1
5311,5311,1,1
5312,5312,1,1
5313,5313,1,1
5314,5314,1,1
5315,5315,1,1
5316,5316,1,1
5317,5317,1,1
5318,5318,1,1
5319,5319,1,1
5320,5320,1,1
5321,5321,1,1
5322,5322,1,1
5323,5323,1,1
5324,5324,1,1
5325,5325,1,1
5326,5326,1,1
5327,5327,1,1
5328,5328,1,1
5329,5329,None,None
5330,5330,None,None
5331,5331,None,None
5332,5332,1,1
5333,5333,1,1
5334,5334,1,1
5335,5335,1,1
5336,5336,1,1
5337,5337,1,1
5338,5338,1,1
5339,5339,1,1
5340,5340,1,1
5341,5341,1,1
5342,5342,None,None
5343,5343,None,None
5344,5344,None,None
5345,5345,None,None
5346,5346,None,None
5347,5347,None,None
5348,5348,None,None
5349,5349,None,None
5350,5350,None,None
5351,5351,None,None
5352,5352,None,None
5353,5353,None,None
5354,5354,None,None
5355,5355,None,None
5356,5356,None,None
5357,5357,None,None
5358,5358,None,None
5359,5359,None,None
5360,5360,None,None
5361,5361,None,None
5362,5362,None,None
5363,5363,None,None
5364,5364,None,None
5365,5365,None,None
5366,5366,None,None
5367,5367,None,None
5368,5368,1,1
5369,5369,1,1
5370,5370,1,1
5371,5371,1,1
5372,5372,1,1
5373,5373,1,1
5374,5374,1,1
5375,5375,1,1
5376,5376,1,1
5377,5377,1,1
5378,5378,1,1
5379,5379,1,1
5380,5380,None,None
5381,5381,None,None
5382,5382,None,None
5383,5383,1,1
5384,5384,1,1
5385,5385,1,1
5386,5386,1,1
5387,5387,1,1
5388,5388,1,1
5389,5389,1,1
5390,5390,1,1
5391,5391,1,1
5392,5392,1,1
5393,5393,1,1
5394,5394,1,1
5395,5395,1,1
5396,5396,1,1
5397,5397,1,1
5398,5398,1,1
5399,5399,1,1
5400,5400,1,1
5401,5401,1,1
5402,5402,1,1
5403,5403,1,1
5404,5404,1,1
5405,5405,1,1
5406,5406,1,1
5407,5407,1,1
5408,5408,1,1
5409,5409,1,1
5410,5410,1,1
5411,5411,1,1
5412,5412,1,1
5413,5413,None,None
5414,5414,1,1
5415,5415,None,None
5416,5416,None,None
5417,5417,1,1
5418,5418,1,1
5419,5419,1,1
5420,5420,None,None
5421,5421,None,None
5422,5422,None,None
5423,5423,None,None
5424,5424,1,1
5425,5425,1,1
5426,5426,1,1
5427,5427,1,1
5428,5428,1,1
5429,5429,1,1
5430,5430,1,1
5431,5431,1,1
5432,5432,1,1
5433,5433,1,1
5434,5434,1,1
5435,5435,1,1
5436,5436,1,1
5437,5437,1,1
5438,5438,1,1
5439,5439,1,1
5440,5440,None,None
5441,5441,None,None
5442,5442,None,None
5443,5443,None,None
5444,5444,None,None
5445,5445,None,None
5446,5446,None,None
5447,5447,None,None
5448,5448,None,None
5449,5449,None,None
5450,5450,None,None
5451,5451,1,1
5452,5452,1,1
5453,5453,1,1
5454,5454,1,1
5455,5455,1,1
5456,5456,1,1
5457,5457,1,1
5458,5458,1,1
5459,5459,1,1
5460,5460,1,1
5461,5461,1,1
5462,5462,1,1
5463,5463,1,1
5464,5464,1,1
5465,5465,1,1
5466,5466,1,1
5467,5467,1,1
5468,5468,1,1
5469,5469,1,1
5470,5470,1,1
5471,5471,1,1
5472,5472,1,1
5473,5473,1,1
5474,5474,1,1
5475,5475,1,1
5476,5476,None,None
5477,5477,None,None
5478,5478,None,None
5479,5479,None,None
5480,5480,None,None
5481,5481,None,None
5482,5482,None,None
5483,5483,None,None
5484,5484,None,None
5485,5485,None,None
5486,5486,None,None
5487,5487,None,None
5488,5488,None,None
5489,5489,None,None
5490,5490,None,None
5491,5491,None,None
5492,5492,None,None
5493,5493,None,None
5494,5494,None,None
5495,5495,None,None
5496,5496,None,None
5497,5497,None,None
5498,5498,None,None
5499,5499,None,None
5500,5500,None,None
5501,5501,1,1
5502,5502,1,1
5503,5503,1,1
5504,5504,1,1
5505,5505,1,1
5506,5506,1,1
5507,5507,1,1
5508,5508,1,1
5509,5509,1,1
5510,5510,1,1
5511,5511,1,1
5512,5512,1,1
5513,5513,1,1
5514,5514,1,1
5515,5515,1,1
5516,5516,1,1
5517,5517,1,1
5518,5518,1,1
5519,5519,1,1
5520,5520,1,1
5521,5521,1,1
5522,5522,1,1
5523,5523,1,1
5524,5524,1,1
5525,5525,1,1
5526,5526,1,1
5527,5527,1,1
5528,5528,1,1
5529,5529,1,1
5530,5530,1,1
5531,5531,1,1
5532,5532,1,1
5533,5533,None,None
5534,5534,None,None
5535,5535,None,None
5536,5536,None,None
5537,5537,None,None
5538,5538,None,None
5539,5539,None,None
5540,5540,None,None
5541,5541,1,1
5542,5542,1,1
5543,5543,None,None
5544,5544,None,None
5545,5545,None,None
5546,5546,None,None
5547,5547,None,None
5548,5548,None,None
5549,5549,None,None
5550,5550,None,None
5551,5551,None,None
5552,5552,None,None
5553,5553,None,None
5554,5554,None,None
5555,5555,None,None
5556,5556,1,1
5557,5557,1,1
5558,5558,1,1
5559,5559,1,1
5560,5560,1,1
5561,5561,1,1
5562,5562,1,1
5563,5563,1,1
5564,5564,None,None
5565,5565,None,None
5566,5566,None,None
5567,5567,None,None
5568,5568,None,None
5569,5569,None,None
5570,5570,None,None
5571,5571,None,None
5572,5572,None,None
5573,5573,None,None
5574,5574,None,None
5575,5575,None,None
5576,5576,None,None
5577,5577,1,1
5578,5578,None,None
5579,5579,None,None
5580,5580,None,None
5581,5581,None,None
5582,5582,None,None
5583,5583,None,None
5584,5584,None,None
5585,5585,1,1
5586,5586,1,1
5587,5587,None,1
5588,5588,1,1
5589,5589,1,1
5590,5590,4,2
5591,5591,1,1
5592,5592,1,1
5593,5593,1,1
5594,5594,1,1
5595,5595,1,1
5596,5596,1,1
5597,5597,1,1
5598,5598,1,1
5599,5599,None,None
5600,5600,None,None
5601,5601,1,1
5602,5602,None,None
5603,5603,1,1
5604,5604,None,None
5605,5605,None,None
5606,5606,1,1
5607,5607,1,1
5608,5608,None,None
5609,5609,None,None
5610,5610,None,None
5611,5611,None,None
5612,5612,None,None
5613,5613,None,None
5614,5614,None,None
5615,5615,None,None
5616,5616,None,None
5617,5617,None,None
5618,5618,None,None
5619,5619,1,1
5620,5620,1,1
5621,5621,None,None
5622,5622,1,1
5623,5623,None,None
5624,5624,None,None
5625,5625,None,None
5626,5626,None,None
5627,5627,1,1
5628,5628,1,1
5629,5629,1,1
5630,5630,1,1
5631,5631,1,1
5632,5632,1,1
5633,5633,1,1
5634,5634,1,1
5635,5635,1,1
5636,5636,1,1
5637,5637,1,1
5638,5638,1,1
5639,5639,1,1
5640,5640,1,1
5641,5641,1,1
5642,5642,1,1
5643,5643,1,1
5644,5644,1,1
5645,5645,1,1
5646,5646,1,1
5647,5647,1,1
5648,5648,1,1
5649,5649,1,1
5650,5650,1,1
5651,5651,1,1
5652,5652,1,1
5653,5653,1,1
5654,5654,1,1
5655,5655,4,2
5656,5656,1,1
5657,5657,1,1
5658,5658,1,1
5659,5659,4,2
5660,5660,1,1
5661,5661,1,1
5662,5662,1,1
5663,5663,1,1
5664,5664,1,1
5665,5665,1,1
5666,5666,1,1
5667,5667,None,None
5668,5668,None,None
5669,5669,None,None
5670,5670,1,1
5671,5671,1,1
5672,5672,None,None
5673,5673,None,None
5674,5674,None,None
5675,5675,None,None
5676,5676,None,None
5677,5677,None,None
5678,5678,None,None
5679,5679,None,None
5680,5680,None,None
5681,5681,None,None
5682,5682,None,None
5683,5683,None,None
5684,5684,None,None
5685,5685,None,None
5686,5686,None,None
5687,5687,None,None
5688,5688,None,None
5689,5689,None,None
5690,5690,None,None
5691,5691,None,None
5692,5692,None,None
5693,5693,None,None
5694,5694,1,1
5695,5695,1,1
5696,5696,1,1
5697,5697,1,1
5698,5698,1,1
5699,5699,1,1
5700,5700,1,1
5701,5701,1,1
5702,5702,1,1
5703,5703,1,1
5704,5704,1,1
5705,5705,1,1
5706,5706,1,1
5707,5707,1,1
5708,5708,1,1
5709,5709,1,1
5710,5710,1,1
5711,5711,1,1
5712,5712,1,1
5713,5713,1,1
5714,5714,1,1
5715,5715,1,1
5716,5716,1,1
5717,5717,1,1
5718,5718,1,1
5719,5719,1,1
5720,5720,1,1
5721,5721,1,1
5722,5722,1,1
5723,5723,1,1
5724,5724,1,1
5725,5725,1,1
5726,5726,1,1
5727,5727,1,1
5728,5728,1,1
5729,5729,1,1
5730,5730,1,1
5731,5731,1,1
5732,5732,1,1
5733,5733,1,None
5734,5734,1,1
5735,5735,1,1
5736,5736,1,1
5737,5737,1,1
5738,5738,1,1
5739,5739,1,1
5740,5740,1,1
5741,5741,1,1
5742,5742,1,1
5743,5743,1,1
5744,5744,1,1
5745,5745,1,1
5746,5746,1,1
5747,5747,1,1
5748,5748,1,1
5749,5749,1,1
5750,5750,1,1
5751,5751,1,1
5752,5752,1,1
5753,5753,1,1
5754,5754,1,1
5755,5755,1,1
5756,5756,1,1
5757,5757,1,1
5758,5758,1,1
5759,5759,1,1
5760,5760,1,1
5761,5761,1,1
5762,5762,1,1
5763,5763,1,1
5764,5764,1,1
5765,5765,1,1
5766,5766,1,1
5767,5767,1,1
5768,5768,1,1
5769,5769,1,1
5770,5770,1,1
5771,5771,1,1
5772,5772,1,1
5773,5773,1,1
5774,5774,1,1
5775,5775,1,1
5776,5776,1,1
5777,5777,1,1
5778,5778,1,1
5779,5779,1,1
5780,5780,1,1
5781,5781,1,1
5782,5782,1,1
5783,5783,1,1
5784,5784,1,1
5785,5785,1,1
5786,5786,1,1
5787,5787,1,1
5788,5788,1,1
5789,5789,1,1
5790,5790,1,1
5791,5791,1,1
5792,5792,1,1
5793,5793,1,1
5794,5794,1,1
5795,5795,1,1
5796,5796,1,1
5797,5797,1,1
5798,5798,1,1
5799,5799,1,1
5800,5800,1,1
5801,5801,1,1
5802,5802,1,1
5803,5803,1,1
5804,5804,1,1
5805,5805,1,1
5806,5806,1,1
5807,5807,1,1
5808,5808,1,1
5809,5809,1,1
5810,5810,1,1
5811,5811,1,1
5812,5812,1,1
5813,5813,1,1
5814,5814,1,1
5815,5815,1,1
5816,5816,1,1
5817,5817,1,1
5818,5818,1,1
5819,5819,1,1
5820,5820,1,1
5821,5821,1,1
5822,5822,1,1
5823,5823,1,1
5824,5824,1,1
5825,5825,1,1
5826,5826,1,1
5827,5827,1,1
5828,5828,1,1
5829,5829,1,1
5830,5830,1,1
5831,5831,1,1
5832,5832,1,1
5833,5833,1,1
5834,5834,1,1
5835,5835,1,1
5836,5836,1,1
5837,5837,1,1
5838,5838,1,1
5839,5839,1,1
5840,5840,1,1
5841,5841,1,1
5842,5842,1,1
5843,5843,1,1
5844,5844,1,1
5845,5845,1,1
5846,5846,1,1
5847,5847,1,1
5848,5848,1,1
5849,5849,1,1
5850,5850,1,1
5851,5851,1,1
5852,5852,1,1
5853,5853,1,1
5854,5854,1,1
5855,5855,1,1
5856,5856,1,1
5857,5857,1,1
5858,5858,1,1
5859,5859,1,1
5860,5860,1,1
5861,5861,1,1
5862,5862,1,1
5863,5863,1,1
5864,5864,1,1
5865,5865,1,1
5866,5866,1,1
5867,5867,1,1
5868,5868,1,1
5869,5869,1,1
5870,5870,1,1
5871,5871,1,1
5872,5872,1,1
5873,5873,1,1
5874,5874,1,1
5875,5875,1,1
5876,5876,1,1
5877,5877,1,1
5878,5878,1,1
5879,5879,1,1
5880,5880,1,1
5881,5881,1,1
5882,5882,1,1
5883,5883,1,1
5884,5884,1,1
5885,5885,1,1
5886,5886,1,1
5887,5887,1,1
5888,5888,1,1
5889,5889,1,1
5890,5890,1,1
5891,5891,1,1
5892,5892,1,1
5893,5893,1,1
5894,5894,1,1
5895,5895,1,1
5896,5896,1,1
5897,5897,1,1
5898,5898,1,1
5899,5899,1,1
5900,5900,1,1
5901,5901,1,1
5902,5902,1,1
5903,5903,1,1
5904,5904,1,1
5905,5905,1,1
5906,5906,1,1
5907,5907,1,1
5908,5908,1,1
5909,5909,1,1
5910,5910,1,1
5911,5911,1,1
5912,5912,1,1
5913,5913,1,1
5914,5914,1,1
5915,5915,1,1
5916,5916,1,1
5917,5917,1,1
5918,5918,1,1
5919,5919,1,1
5920,5920,1,1
5921,5921,1,1
5922,5922,1,1
5923,5923,1,1
5924,5924,1,1
5925,5925,1,1
5926,5926,1,1
5927,5927,1,1
5928,5928,1,1
5929,5929,1,1
5930,5930,1,1
5931,5931,1,1
5932,5932,1,1
5933,5933,1,1
5934,5934,1,1
5935,5935,1,1
5936,5936,1,1
5937,5937,1,1
5938,5938,1,1
5939,5939,1,1
5940,5940,1,1
5941,5941,1,1
5942,5942,1,1
5943,5943,1,1
5944,5944,1,1
5945,5945,1,1
5946,5946,1,1
5947,5947,1,1
5948,5948,1,1
5949,5949,1,1
5950,5950,1,1
5951,5951,1,1
5952,5952,1,1
5953,5953,1,1
5954,5954,1,1
5955,5955,1,1
5956,5956,1,1
5957,5957,1,1
5958,5958,1,1
5959,5959,1,1
5960,5960,1,1
5961,5961,1,1
5962,5962,1,1
5963,5963,1,1
5964,5964,1,1
5965,5965,1,1
5966,5966,1,1
5967,5967,1,1
5968,5968,1,1
5969,5969,1,1
5970,5970,1,1
5971,5971,1,1
5972,5972,1,1
5973,5973,1,1
5974,5974,1,1
5975,5975,1,1
5976,5976,1,1
5977,5977,1,1
5978,5978,1,1
5979,5979,1,1
5980,5980,1,1
5981,5981,1,1
5982,5982,1,1
5983,5983,1,1
5984,5984,1,1
5985,5985,1,1
5986,5986,1,1
5987,5987,1,1
5988,5988,1,1
5989,5989,1,1
5990,5990,1,1
5991,5991,1,1
5992,5992,1,1
5993,5993,1,1
5994,5994,1,1
5995,5995,1,1
5996,5996,1,1
5997,5997,1,1
5998,5998,1,1
5999,5999,1,1
6000,6000,1,1
6001,6001,1,1
6002,6002,1,1
6003,6003,1,1
6004,6004,1,1
6005,6005,1,1
6006,6006,1,1
6007,6007,1,1
6008,6008,1,1
6009,6009,1,1
6010,6010,1,1
6011,6011,1,1
6012,6012,1,1
6013,6013,1,1
6014,6014,1,1
6015,6015,1,1
6016,6016,1,1
6017,6017,1,1
6018,6018,1,1
6019,6019,1,1
6020,6020,1,1
6021,6021,1,1
6022,6022,1,1
6023,6023,1,1
6024,6024,1,1
6025,6025,1,1
6026,6026,1,1
6027,6027,1,1
6028,6028,1,1
6029,6029,1,1
6030,6030,1,1
6031,6031,1,1
6032,6032,1,1
6033,6033,1,1
6034,6034,1,1
6035,6035,1,1
6036,6036,1,1
6037,6037,1,1
6038,6038,1,1
6039,6039,1,1
6040,6040,1,1
6041,6041,1,1
6042,6042,1,1
6043,6043,1,1
6044,6044,1,1
6045,6045,1,1
6046,6046,1,1
6047,6047,1,1
6048,6048,1,1
6049,6049,1,1
6050,6050,1,1
6051,6051,1,1
6052,6052,1,1
6053,6053,1,1
6054,6054,1,1
6055,6055,1,1
6056,6056,1,1
6057,6057,1,1
6058,6058,1,1
6059,6059,1,1
6060,6060,1,1
6061,6061,1,1
6062,6062,1,1
6063,6063,1,1
6064,6064,1,1
6065,6065,1,1
6066,6066,1,1
6067,6067,1,1
6068,6068,1,1
6069,6069,1,1
6070,6070,1,1
6071,6071,1,1
6072,6072,1,1
6073,6073,1,1
6074,6074,1,1
6075,6075,1,1
6076,6076,1,1
6077,6077,1,1
6078,6078,1,1
6079,6079,1,1
6080,6080,1,1
6081,6081,1,1
6082,6082,1,1
6083,6083,1,1
6084,6084,1,1
6085,6085,1,1
6086,6086,1,1
6087,6087,1,1
6088,6088,1,1
6089,6089,1,1
6090,6090,1,1
6091,6091,1,1
6092,6092,1,1
6093,6093,1,1
6094,6094,1,1
6095,6095,1,1
6096,6096,1,1
6097,6097,1,1
6098,6098,1,1
6099,6099,1,1
6100,6100,1,1
6101,6101,1,1
6102,6102,1,1
6103,6103,1,1
6104,6104,1,1
6105,6105,1,1
6106,6106,1,1
6107,6107,1,1
6108,6108,1,1
6109,6109,1,1
6110,6110,1,1
6111,6111,1,1
6112,6112,1,1
6113,6113,1,1
6114,6114,1,1
6115,6115,1,1
6116,6116,1,1
6117,6117,1,1
6118,6118,1,1
6119,6119,1,1
6120,6120,1,1
6121,6121,1,1
6122,6122,1,1
6123,6123,1,1
6124,6124,1,1
6125,6125,1,1
6126,6126,1,1
6127,6127,1,1
6128,6128,1,1
6129,6129,1,1
6130,6130,1,1
6131,6131,1,1
6132,6132,1,1
6133,6133,1,1
6134,6134,1,1
6135,6135,1,1
6136,6136,1,1
6137,6137,1,1
6138,6138,1,1
6139,6139,1,1
6140,6140,1,1
6141,6141,1,1
6142,6142,1,1
6143,6143,1,1
6144,6144,1,1
6145,6145,1,1
6146,6146,1,1
6147,6147,1,1
6148,6148,1,1
6149,6149,1,1
6150,6150,1,1
6151,6151,1,1
6152,6152,1,1
6153,6153,1,1
6154,6154,1,1
6155,6155,1,1
6156,6156,1,1
6157,6157,1,1
6158,6158,1,1
6159,6159,1,1
6160,6160,1,1
6161,6161,1,1
6162,6162,1,1
6163,6163,1,1
6164,6164,1,1
6165,6165,1,1
6166,6166,1,1
6167,6167,1,1
6168,6168,1,1
6169,6169,1,1
6170,6170,1,1
6171,6171,1,1
6172,6172,1,1
6173,6173,1,1
6174,6174,1,1
6175,6175,1,1
6176,6176,1,1
6177,6177,1,1
6178,6178,1,1
6179,6179,1,1
6180,6180,None,None
6181,6181,None,None
6182,6182,1,1
6183,6183,1,1
6184,6184,1,1
6185,6185,1,1
6186,6186,1,1
6187,6187,1,1
6188,6188,1,1
6189,6189,1,1
6190,6190,1,1
6191,6191,1,1
6192,6192,1,None
6193,6193,1,1
6194,6194,1,1
6195,6195,1,1
6196,6196,4,2
6197,6197,1,1
6198,6198,1,1
6199,6199,1,1
6200,6200,1,1
6201,6201,1,1
6202,6202,1,1
6203,6203,1,1
6204,6204,1,1
6205,6205,1,1
6206,6206,1,1
6207,6207,1,1
6208,6208,1,1
6209,6209,1,1
6210,6210,1,1
6211,6211,1,1
6212,6212,1,None
6213,6213,1,1
6214,6214,1,1
6215,6215,1,1
6216,6216,1,1
6217,6217,1,1
6218,6218,1,1
6219,6219,1,1
6220,6220,1,1
6221,6221,1,1
6222,6222,1,1
6223,6223,1,1
6224,6224,1,1
6225,6225,1,1
6226,6226,1,1
6227,6227,1,1
6228,6228,1,1
6229,6229,1,1
6230,6230,1,1
6231,6231,1,1
6232,6232,1,1
6233,6233,1,1
6234,6234,1,1
6235,6235,1,1
6236,6236,1,1
