1,1,None
2,2,None
3,3,None
4,4,5.0
5,5,5.0
6,6,5.0
7,7,5.0
8,8,5.0
9,9,5.0
10,10,5.0
11,11,5.0
12,12,5.0
13,13,5.0
14,14,5.0
15,15,5.0
16,16,5.0
17,17,5.0
18,18,5.0
19,19,5.0
20,20,5.0
21,21,5.0
22,22,5.0
23,23,5.0
24,24,5.0
25,25,5.0
26,26,5.0
27,27,5.0
28,28,5.0
29,29,5.0
30,30,5.0
31,31,5.0
32,32,5.0
33,33,5.0
34,34,5.0
35,35,5.0
36,36,5.0
37,37,5.0
38,38,5.0
39,39,5.0
40,40,5.0
41,41,5.0
42,42,5.0
43,43,5.0
44,44,5.0
45,45,5.0
46,46,5.0
47,47,5.0
48,48,5.0
49,49,5.0
50,50,5.0
51,51,None
52,52,5.0
53,53,5.0
54,54,5.0
55,55,5.0
56,56,5.0
57,57,5.0
58,58,5.0
59,59,5.0
60,60,5.0
61,61,5.0
62,62,5.0
63,63,5.0
64,64,5.0
65,65,5.0
66,66,5.0
67,67,5.0
68,68,5.0
69,69,5.0
70,70,5.0
71,71,5.0
72,72,5.0
73,73,5.0
74,74,5.0
75,75,5.0
76,76,5.0
77,77,5.0
78,78,5.0
79,79,5.0
80,80,5.0
81,81,5.0
82,82,5.0
83,83,5.0
84,84,5.0
85,85,5.0
86,86,5.0
87,87,5.0
88,88,None
89,89,5.0
90,90,5.0
91,91,5.0
92,92,5.0
93,93,5.0
94,94,None
95,95,5.0
96,96,5.0
97,97,5.0
98,98,5.0
99,99,5.0
100,100,5.0
101,101,5.0
102,102,5.0
103,103,5.0
104,104,5.0
105,105,5.0
106,106,5.0
107,107,5.0
108,108,None
109,109,5.0
110,110,5.0
111,111,5.0
112,112,5.0
113,113,5.0
114,114,5.0
115,115,5.0
116,116,5.0
117,117,5.0
118,118,5.0
119,119,5.0
120,120,5.0
121,121,5.0
122,122,5.0
123,123,5.0
124,124,5.0
125,125,5.0
126,126,5.0
127,127,5.0
128,128,5.0
129,129,5.0
130,130,5.0
131,131,5.0
132,132,5.0
133,133,5.0
134,134,5.0
135,135,5.0
136,136,5.0
137,137,5.0
138,138,5.0
139,139,5.0
140,140,5.0
141,141,5.0
142,142,5.0
143,143,5.0
144,144,5.0
145,145,5.0
146,146,5.0
147,147,5.0
148,148,5.0
149,149,5.0
150,150,5.0
151,151,5.0
152,152,5.0
153,153,5.0
154,154,5.0
155,155,5.0
156,156,5.0
157,157,5.0
158,158,5.0
159,159,5.0
160,160,5.0
161,161,5.0
162,162,5.0
163,163,5.0
164,164,5.0
165,165,5.0
166,166,5.0
167,167,5.0
168,168,5.0
169,169,5.0
170,170,5.0
171,171,5.0
172,172,5.0
173,173,None
174,174,5.0
175,175,5.0
176,176,5.0
177,177,5.0
178,178,5.0
179,179,5.0
180,180,5.0
181,181,5.0
182,182,None
183,183,5.0
184,184,5.0
185,185,5.0
186,186,5.0
187,187,None
188,188,None
189,189,None
190,190,5.0
191,191,5.0
192,192,5.0
193,193,None
194,194,5.0
195,195,None
196,196,5.0
197,197,None
198,198,5.0
199,199,5.0
200,200,5.0
201,201,None
202,202,5.0
203,203,None
204,204,None
205,205,5.0
206,206,5.0
207,207,5.0
208,208,5.0
209,209,5.0
210,210,5.0
211,211,5.0
212,212,5.0
213,213,5.0
214,214,5.0
215,215,5.0
216,216,5.0
217,217,5.0
218,218,5.0
219,219,5.0
220,220,5.0
221,221,5.0
222,222,5.0
223,223,None
224,224,5.0
225,225,None
226,226,5.0
227,227,1.0
228,228,None
229,229,5.0
230,230,5.0
231,231,5.0
232,232,5.0
233,233,5.0
234,234,5.0
235,235,5.0
236,236,None
237,237,1.0
238,238,5.0
239,239,None
240,240,5.0
241,241,5.0
242,242,5.0
243,243,5.0
244,244,1.0
245,245,5.0
246,246,5.0
247,247,1.0
248,248,1.0
249,249,1.0
250,250,1.0
251,251,1.0
252,252,5.0
253,253,1.0
254,254,5.0
255,255,1.0
256,256,5.0
257,257,5.0
258,258,5.0
259,259,5.0
260,260,5.0
261,261,5.0
262,262,1.0
263,263,5.0
264,264,5.0
265,265,1.0
266,266,5.0
267,267,1.0
268,268,5.0
269,269,5.0
270,270,5.0
271,271,5.0
272,272,5.0
273,273,5.0
274,274,1.0
275,275,1.0
276,276,5.0
277,277,5.0
278,278,5.0
279,279,1.0
280,280,5.0
281,281,5.0
282,282,1.0
283,283,1.0
284,284,5.0
285,285,5.0
286,286,5.0
287,287,None
288,288,None
289,289,None
290,290,None
291,291,None
292,292,None
293,293,None
294,294,None
295,295,None
296,296,5.0
297,297,5.0
298,298,None
299,299,5.0
300,300,None
301,301,None
302,302,None
303,303,None
304,304,5.0
305,305,5.0
306,306,5.0
307,307,5.0
308,308,None
309,309,5.0
310,310,None
311,311,None
312,312,5.0
313,313,None
314,314,None
315,315,None
316,316,5.0
317,317,5.0
318,318,5.0
319,319,None
320,320,None
321,321,None
322,322,None
323,323,None
324,324,None
325,325,None
326,326,None
327,327,5.0
328,328,None
329,329,None
330,330,5.0
331,331,None
332,332,None
333,333,None
334,334,None
335,335,None
336,336,None
337,337,5.0
338,338,5.0
339,339,5.0
340,340,5.0
341,341,5.0
342,342,5.0
343,343,5.0
344,344,5.0
345,345,5.0
346,346,5.0
347,347,5.0
348,348,5.0
349,349,5.0
350,350,5.0
351,351,5.0
352,352,None
353,353,5.0
354,354,None
355,355,5.0
356,356,5.0
357,357,5.0
358,358,5.0
359,359,5.0
360,360,5.0
361,361,5.0
362,362,5.0
363,363,5.0
364,364,5.0
365,365,5.0
366,366,5.0
367,367,5.0
368,368,5.0
369,369,None
370,370,None
371,371,None
372,372,None
373,373,None
374,374,None
375,375,None
376,376,None
377,377,None
378,378,None
379,379,None
380,380,None
381,381,None
382,382,None
383,383,5.0
384,384,5.0
385,385,5.0
386,386,5.0
387,387,None
388,388,None
389,389,5.0
390,390,5.0
391,391,5.0
392,392,5.0
393,393,5.0
394,394,5.0
395,395,5.0
396,396,5.0
397,397,5.0
398,398,5.0
399,399,5.0
400,400,5.0
401,401,5.0
402,402,5.0
403,403,5.0
404,404,5.0
405,405,5.0
406,406,5.0
407,407,5.0
408,408,5.0
409,409,None
410,410,5.0
411,411,5.0
412,412,5.0
413,413,5.0
414,414,5.0
415,415,None
416,416,5.0
417,417,5.0
418,418,5.0
419,419,5.0
420,420,5.0
421,421,5.0
422,422,5.0
423,423,5.0
424,424,5.0
425,425,5.0
426,426,5.0
427,427,5.0
428,428,5.0
429,429,5.0
430,430,5.0
431,431,5.0
432,432,5.0
433,433,None
434,434,5.0
435,435,5.0
436,436,5.0
437,437,5.0
438,438,5.0
439,439,5.0
440,440,5.0
441,441,5.0
442,442,5.0
443,443,5.0
444,444,5.0
445,445,5.0
446,446,5.0
447,447,5.0
448,448,5.0
449,449,5.0
450,450,5.0
451,451,None
452,452,5.0
453,453,5.0
454,454,5.0
455,455,5.0
456,456,None
457,457,5.0
458,458,5.0
459,459,5.0
460,460,5.0
461,461,5.0
462,462,5.0
463,463,5.0
464,464,5.0
465,465,5.0
466,466,5.0
467,467,5.0
468,468,5.0
469,469,5.0
470,470,5.0
471,471,5.0
472,472,5.0
473,473,5.0
474,474,5.0
475,475,5.0
476,476,5.0
477,477,5.0
478,478,5.0
479,479,5.0
480,480,5.0
481,481,5.0
482,482,5.0
483,483,5.0
484,484,5.0
485,485,5.0
486,486,5.0
487,487,5.0
488,488,5.0
489,489,5.0
490,490,5.0
491,491,5.0
492,492,5.0
493,493,5.0
494,494,5.0
495,495,5.0
496,496,5.0
497,497,5.0
498,498,5.0
499,499,5.0
500,500,5.0
501,501,5.0
502,502,5.0
503,503,5.0
504,504,5.0
505,505,5.0
506,506,5.0
507,507,5.0
508,508,5.0
509,509,5.0
510,510,5.0
511,511,5.0
512,512,5.0
513,513,None
514,514,5.0
515,515,5.0
516,516,5.0
517,517,5.0
518,518,5.0
519,519,5.0
520,520,5.0
521,521,5.0
522,522,5.0
523,523,5.0
524,524,5.0
525,525,5.0
526,526,5.0
527,527,5.0
528,528,5.0
529,529,5.0
530,530,5.0
531,531,5.0
532,532,5.0
533,533,5.0
534,534,5.0
535,535,5.0
536,536,5.0
537,537,5.0
538,538,None
539,539,5.0
540,540,5.0
541,541,5.0
542,542,5.0
543,543,None
544,544,None
545,545,None
546,546,5.0
547,547,None
548,548,None
549,549,None
550,550,5.0
551,551,None
552,552,5.0
553,553,None
554,554,5.0
555,555,5.0
556,556,5.0
557,557,5.0
558,558,5.0
559,559,None
560,560,5.0
561,561,5.0
562,562,None
563,563,5.0
564,564,5.0
565,565,None
566,566,5.0
567,567,None
568,568,5.0
569,569,5.0
570,570,None
571,571,None
572,572,None
573,573,None
574,574,None
575,575,None
576,576,5.0
577,577,5.0
578,578,5.0
579,579,5.0
580,580,5.0
581,581,5.0
582,582,None
583,583,None
584,584,None
585,585,None
586,586,None
587,587,None
588,588,5.0
589,589,5.0
590,590,5.0
591,591,5.0
592,592,5.0
593,593,5.0
594,594,5.0
595,595,5.0
596,596,5.0
597,597,5.0
598,598,5.0
599,599,5.0
600,600,5.0
601,601,5.0
602,602,5.0
603,603,5.0
604,604,5.0
605,605,5.0
606,606,5.0
607,607,5.0
608,608,5.0
609,609,5.0
610,610,5.0
611,611,5.0
612,612,5.0
613,613,5.0
614,614,5.0
615,615,5.0
616,616,5.0
617,617,5.0
618,618,5.0
619,619,5.0
620,620,5.0
621,621,5.0
622,622,5.0
623,623,None
624,624,5.0
625,625,5.0
626,626,5.0
627,627,None
628,628,5.0
629,629,5.0
630,630,5.0
631,631,5.0
632,632,5.0
633,633,5.0
634,634,5.0
635,635,5.0
636,636,5.0
637,637,5.0
638,638,5.0
639,639,None
640,640,5.0
641,641,None
642,642,None
643,643,None
644,644,5.0
645,645,5.0
646,646,5.0
647,647,5.0
648,648,5.0
649,649,5.0
650,650,5.0
651,651,5.0
652,652,5.0
653,653,5.0
654,654,5.0
655,655,5.0
656,656,5.0
657,657,5.0
658,658,5.0
659,659,5.0
660,660,5.0
661,661,5.0
662,662,5.0
663,663,5.0
664,664,5.0
665,665,5.0
666,666,5.0
667,667,5.0
668,668,5.0
669,669,5.0
670,670,5.0
671,671,5.0
672,672,5.0
673,673,1.0
674,674,5.0
675,675,5.0
676,676,5.0
677,677,5.0
678,678,None
679,679,None
680,680,5.0
681,681,5.0
682,682,5.0
683,683,5.0
684,684,5.0
685,685,5.0
686,686,None
687,687,5.0
688,688,None
689,689,None
690,690,None
691,691,None
692,692,5.0
693,693,5.0
694,694,5.0
695,695,5.0
696,696,5.0
697,697,None
698,698,None
699,699,5.0
700,700,None
701,701,5.0
702,702,5.0
703,703,None
704,704,5.0
705,705,5.0
706,706,5.0
707,707,5.0
708,708,None
709,709,None
710,710,5.0
711,711,5.0
712,712,5.0
713,713,5.0
714,714,5.0
715,715,5.0
716,716,5.0
717,717,5.0
718,718,5.0
719,719,5.0
720,720,5.0
721,721,5.0
722,722,5.0
723,723,5.0
724,724,5.0
725,725,5.0
726,726,5.0
727,727,5.0
728,728,5.0
729,729,5.0
730,730,5.0
731,731,5.0
732,732,5.0
733,733,5.0
734,734,5.0
735,735,5.0
736,736,5.0
737,737,5.0
738,738,5.0
739,739,5.0
740,740,5.0
741,741,5.0
742,742,5.0
743,743,5.0
744,744,5.0
745,745,5.0
746,746,5.0
747,747,5.0
748,748,5.0
749,749,5.0
750,750,5.0
751,751,5.0
752,752,1.0
753,753,5.0
754,754,5.0
755,755,5.0
756,756,5.0
757,757,5.0
758,758,5.0
759,759,5.0
760,760,5.0
761,761,5.0
762,762,5.0
763,763,5.0
764,764,1.0
765,765,1.0
766,766,5.0
767,767,5.0
768,768,5.0
769,769,5.0
770,770,5.0
771,771,5.0
772,772,5.0
773,773,5.0
774,774,5.0
775,775,5.0
776,776,5.0
777,777,5.0
778,778,5.0
779,779,5.0
780,780,5.0
781,781,5.0
782,782,5.0
783,783,5.0
784,784,5.0
785,785,5.0
786,786,5.0
787,787,5.0
788,788,5.0
789,789,5.0
790,790,5.0
791,791,5.0
792,792,5.0
793,793,5.0
794,794,5.0
795,795,5.0
796,796,5.0
797,797,5.0
798,798,5.0
799,799,5.0
800,800,5.0
801,801,5.0
802,802,5.0
803,803,5.0
804,804,5.0
805,805,5.0
806,806,5.0
807,807,5.0
808,808,5.0
809,809,5.0
810,810,5.0
811,811,5.0
812,812,5.0
813,813,5.0
814,814,5.0
815,815,5.0
816,816,5.0
817,817,5.0
818,818,5.0
819,819,5.0
820,820,5.0
821,821,5.0
822,822,5.0
823,823,5.0
824,824,5.0
825,825,5.0
826,826,5.0
827,827,5.0
828,828,5.0
829,829,5.0
830,830,5.0
831,831,5.0
832,832,5.0
833,833,5.0
834,834,5.0
835,835,5.0
836,836,5.0
837,837,5.0
838,838,5.0
839,839,5.0
840,840,5.0
841,841,5.0
842,842,None
843,843,5.0
844,844,5.0
845,845,5.0
846,846,5.0
847,847,5.0
848,848,5.0
849,849,5.0
850,850,5.0
851,851,5.0
852,852,5.0
853,853,5.0
854,854,5.0
855,855,5.0
856,856,5.0
857,857,5.0
858,858,5.0
859,859,5.0
860,860,5.0
861,861,5.0
862,862,5.0
863,863,5.0
864,864,5.0
865,865,None
866,866,5.0
867,867,5.0
868,868,5.0
869,869,5.0
870,870,5.0
871,871,5.0
872,872,5.0
873,873,None
874,874,5.0
875,875,5.0
876,876,5.0
877,877,5.0
878,878,5.0
879,879,5.0
880,880,5.0
881,881,None
882,882,None
883,883,None
884,884,None
885,885,None
886,886,None
887,887,None
888,888,5.0
889,889,5.0
890,890,None
891,891,None
892,892,5.0
893,893,5.0
894,894,None
895,895,None
896,896,5.0
897,897,5.0
898,898,5.0
899,899,5.0
900,900,None
901,901,5.0
902,902,5.0
903,903,5.0
904,904,5.0
905,905,5.0
906,906,5.0
907,907,None
908,908,None
909,909,None
910,910,5.0
911,911,5.0
912,912,5.0
913,913,5.0
914,914,None
915,915,5.0
916,916,None
917,917,5.0
918,918,None
919,919,None
920,920,None
921,921,None
922,922,5.0
923,923,None
924,924,None
925,925,5.0
926,926,5.0
927,927,5.0
928,928,5.0
929,929,5.0
930,930,5.0
931,931,5.0
932,932,5.0
933,933,5.0
934,934,5.0
935,935,None
936,936,None
937,937,None
938,938,None
939,939,None
940,940,None
941,941,None
942,942,None
943,943,None
944,944,None
945,945,None
946,946,None
947,947,None
948,948,None
949,949,None
950,950,None
951,951,None
952,952,None
953,953,None
954,954,None
955,955,None
956,956,None
957,957,None
958,958,None
959,959,None
960,960,None
961,961,None
962,962,None
963,963,None
964,964,None
965,965,None
966,966,None
967,967,None
968,968,None
969,969,None
970,970,None
971,971,None
972,972,None
973,973,None
974,974,5.0
975,975,None
976,976,5.0
977,977,None
978,978,5.0
979,979,5.0
980,980,5.0
981,981,None
982,982,None
983,983,None
984,984,None
985,985,None
986,986,None
987,987,5.0
988,988,None
989,989,None
990,990,5.0
991,991,None
992,992,None
993,993,None
994,994,5.0
995,995,None
996,996,None
997,997,None
998,998,None
999,999,None
1000,1000,None
1001,1001,None
1002,1002,None
1003,1003,5.0
1004,1004,5.0
1005,1005,5.0
1006,1006,None
1007,1007,None
1008,1008,None
1009,1009,None
1010,1010,None
1011,1011,5.0
1012,1012,5.0
1013,1013,5.0
1014,1014,5.0
1015,1015,5.0
1016,1016,5.0
1017,1017,None
1018,1018,5.0
1019,1019,5.0
1020,1020,5.0
1021,1021,5.0
1022,1022,5.0
1023,1023,5.0
1024,1024,5.0
1025,1025,5.0
1026,1026,5.0
1027,1027,5.0
1028,1028,5.0
1029,1029,5.0
1030,1030,5.0
1031,1031,5.0
1032,1032,5.0
1033,1033,5.0
1034,1034,5.0
1035,1035,5.0
1036,1036,5.0
1037,1037,5.0
1038,1038,5.0
1039,1039,5.0
1040,1040,5.0
1041,1041,5.0
1042,1042,5.0
1043,1043,5.0
1044,1044,5.0
1045,1045,5.0
1046,1046,5.0
1047,1047,5.0
1048,1048,5.0
1049,1049,5.0
1050,1050,5.0
1051,1051,5.0
1052,1052,5.0
1053,1053,5.0
1054,1054,5.0
1055,1055,5.0
1056,1056,5.0
1057,1057,5.0
1058,1058,5.0
1059,1059,5.0
1060,1060,None
1061,1061,None
1062,1062,5.0
1063,1063,5.0
1064,1064,5.0
1065,1065,5.0
1066,1066,5.0
1067,1067,None
1068,1068,5.0
1069,1069,5.0
1070,1070,5.0
1071,1071,5.0
1072,1072,5.0
1073,1073,5.0
1074,1074,5.0
1075,1075,5.0
1076,1076,5.0
1077,1077,5.0
1078,1078,5.0
1079,1079,5.0
1080,1080,5.0
1081,1081,5.0
1082,1082,5.0
1083,1083,5.0
1084,1084,5.0
1085,1085,5.0
1086,1086,5.0
1087,1087,5.0
1088,1088,5.0
1089,1089,5.0
1090,1090,5.0
1091,1091,5.0
1092,1092,5.0
1093,1093,5.0
1094,1094,5.0
1095,1095,5.0
1096,1096,None
1097,1097,5.0
1098,1098,5.0
1099,1099,5.0
1100,1100,5.0
1101,1101,5.0
1102,1102,5.0
1103,1103,5.0
1104,1104,5.0
1105,1105,5.0
1106,1106,5.0
1107,1107,5.0
1108,1108,5.0
1109,1109,5.0
1110,1110,5.0
1111,1111,5.0
1112,1112,5.0
1113,1113,5.0
1114,1114,5.0
1115,1115,5.0
1116,1116,5.0
1117,1117,5.0
1118,1118,5.0
1119,1119,5.0
1120,1120,5.0
1121,1121,5.0
1122,1122,5.0
1123,1123,5.0
1124,1124,5.0
1125,1125,5.0
1126,1126,5.0
1127,1127,5.0
1128,1128,5.0
1129,1129,5.0
1130,1130,5.0
1131,1131,5.0
1132,1132,5.0
1133,1133,5.0
1134,1134,5.0
1135,1135,5.0
1136,1136,5.0
1137,1137,5.0
1138,1138,5.0
1139,1139,5.0
1140,1140,5.0
1141,1141,5.0
1142,1142,5.0
1143,1143,5.0
1144,1144,5.0
1145,1145,5.0
1146,1146,5.0
1147,1147,5.0
1148,1148,5.0
1149,1149,5.0
1150,1150,5.0
1151,1151,5.0
1152,1152,5.0
1153,1153,5.0
1154,1154,5.0
1155,1155,5.0
1156,1156,5.0
1157,1157,5.0
1158,1158,5.0
1159,1159,5.0
1160,1160,5.0
1161,1161,5.0
1162,1162,5.0
1163,1163,5.0
1164,1164,5.0
1165,1165,5.0
1166,1166,5.0
1167,1167,5.0
1168,1168,5.0
1169,1169,5.0
1170,1170,5.0
1171,1171,5.0
1172,1172,5.0
1173,1173,5.0
1174,1174,5.0
1175,1175,5.0
1176,1176,5.0
1177,1177,5.0
1178,1178,None
1179,1179,5.0
1180,1180,None
1181,1181,5.0
1182,1182,None
1183,1183,5.0
1184,1184,None
1185,1185,None
1186,1186,None
1187,1187,None
1188,1188,5.0
1189,1189,5.0
1190,1190,5.0
1191,1191,5.0
1192,1192,5.0
1193,1193,None
1194,1194,5.0
1195,1195,5.0
1196,1196,5.0
1197,1197,5.0
1198,1198,None
1199,1199,5.0
1200,1200,5.0
1201,1201,5.0
1202,1202,5.0
1203,1203,5.0
1204,1204,5.0
1205,1205,5.0
1206,1206,5.0
1207,1207,5.0
1208,1208,5.0
1209,1209,5.0
1210,1210,5.0
1211,1211,5.0
1212,1212,5.0
1213,1213,5.0
1214,1214,5.0
1215,1215,5.0
1216,1216,5.0
1217,1217,5.0
1218,1218,5.0
1219,1219,5.0
1220,1220,5.0
1221,1221,5.0
1222,1222,5.0
1223,1223,5.0
1224,1224,5.0
1225,1225,5.0
1226,1226,5.0
1227,1227,5.0
1228,1228,5.0
1229,1229,5.0
1230,1230,5.0
1231,1231,5.0
1232,1232,5.0
1233,1233,5.0
1234,1234,5.0
1235,1235,5.0
1236,1236,5.0
1237,1237,5.0
1238,1238,5.0
1239,1239,5.0
1240,1240,5.0
1241,1241,5.0
1242,1242,5.0
1243,1243,5.0
1244,1244,5.0
1245,1245,5.0
1246,1246,5.0
1247,1247,5.0
1248,1248,5.0
1249,1249,5.0
1250,1250,5.0
1251,1251,5.0
1252,1252,5.0
1253,1253,5.0
1254,1254,5.0
1255,1255,5.0
1256,1256,5.0
1257,1257,5.0
1258,1258,5.0
1259,1259,5.0
1260,1260,5.0
1261,1261,5.0
1262,1262,5.0
1263,1263,5.0
1264,1264,5.0
1265,1265,5.0
1266,1266,5.0
1267,1267,5.0
1268,1268,5.0
1269,1269,5.0
1270,1270,5.0
1271,1271,5.0
1272,1272,5.0
1273,1273,5.0
1274,1274,5.0
1275,1275,5.0
1276,1276,5.0
1277,1277,5.0
1278,1278,5.0
1279,1279,5.0
1280,1280,5.0
1281,1281,5.0
1282,1282,5.0
1283,1283,5.0
1284,1284,5.0
1285,1285,5.0
1286,1286,5.0
1287,1287,5.0
1288,1288,5.0
1289,1289,5.0
1290,1290,5.0
1291,1291,5.0
1292,1292,5.0
1293,1293,5.0
1294,1294,5.0
1295,1295,5.0
1296,1296,5.0
1297,1297,5.0
1298,1298,5.0
1299,1299,5.0
1300,1300,5.0
1301,1301,5.0
1302,1302,5.0
1303,1303,5.0
1304,1304,5.0
1305,1305,5.0
1306,1306,5.0
1307,1307,5.0
1308,1308,5.0
1309,1309,5.0
1310,1310,5.0
1311,1311,5.0
1312,1312,5.0
1313,1313,5.0
1314,1314,5.0
1315,1315,5.0
1316,1316,5.0
1317,1317,5.0
1318,1318,5.0
1319,1319,5.0
1320,1320,5.0
1321,1321,5.0
1322,1322,5.0
1323,1323,5.0
1324,1324,5.0
1325,1325,5.0
1326,1326,5.0
1327,1327,5.0
1328,1328,5.0
1329,1329,5.0
1330,1330,5.0
1331,1331,5.0
1332,1332,5.0
1333,1333,5.0
1334,1334,5.0
1335,1335,5.0
1336,1336,5.0
1337,1337,5.0
1338,1338,5.0
1339,1339,5.0
1340,1340,5.0
1341,1341,5.0
1342,1342,5.0
1343,1343,5.0
1344,1344,5.0
1345,1345,5.0
1346,1346,5.0
1347,1347,None
1348,1348,5.0
1349,1349,5.0
1350,1350,5.0
1351,1351,5.0
1352,1352,5.0
1353,1353,5.0
1354,1354,5.0
1355,1355,5.0
1356,1356,5.0
1357,1357,None
1358,1358,None
1359,1359,None
1360,1360,None
1361,1361,None
1362,1362,5.0
1363,1363,None
1364,1364,5.0
1365,1365,5.0
1366,1366,5.0
1367,1367,5.0
1368,1368,5.0
1369,1369,5.0
1370,1370,5.0
1371,1371,5.0
1372,1372,5.0
1373,1373,None
1374,1374,None
1375,1375,None
1376,1376,5.0
1377,1377,5.0
1378,1378,None
1379,1379,None
1380,1380,5.0
1381,1381,None
1382,1382,5.0
1383,1383,5.0
1384,1384,None
1385,1385,5.0
1386,1386,5.0
1387,1387,5.0
1388,1388,5.0
1389,1389,5.0
1390,1390,5.0
1391,1391,5.0
1392,1392,5.0
1393,1393,5.0
1394,1394,5.0
1395,1395,None
1396,1396,None
1397,1397,None
1398,1398,5.0
1399,1399,5.0
1400,1400,5.0
1401,1401,5.0
1402,1402,5.0
1403,1403,5.0
1404,1404,5.0
1405,1405,5.0
1406,1406,None
1407,1407,5.0
1408,1408,None
1409,1409,5.0
1410,1410,5.0
1411,1411,5.0
1412,1412,5.0
1413,1413,5.0
1414,1414,5.0
1415,1415,5.0
1416,1416,5.0
1417,1417,5.0
1418,1418,5.0
1419,1419,5.0
1420,1420,5.0
1421,1421,5.0
1422,1422,5.0
1423,1423,5.0
1424,1424,5.0
1425,1425,5.0
1426,1426,5.0
1427,1427,5.0
1428,1428,5.0
1429,1429,5.0
1430,1430,5.0
1431,1431,5.0
1432,1432,5.0
1433,1433,5.0
1434,1434,5.0
1435,1435,5.0
1436,1436,5.0
1437,1437,5.0
1438,1438,5.0
1439,1439,5.0
1440,1440,5.0
1441,1441,5.0
1442,1442,5.0
1443,1443,5.0
1444,1444,5.0
1445,1445,5.0
1446,1446,None
1447,1447,None
1448,1448,5.0
1449,1449,None
1450,1450,None
1451,1451,None
1452,1452,None
1453,1453,None
1454,1454,None
1455,1455,None
1456,1456,5.0
1457,1457,5.0
1458,1458,5.0
1459,1459,5.0
1460,1460,5.0
1461,1461,5.0
1462,1462,5.0
1463,1463,5.0
1464,1464,5.0
1465,1465,5.0
1466,1466,5.0
1467,1467,5.0
1468,1468,5.0
1469,1469,None
1470,1470,5.0
1471,1471,None
1472,1472,5.0
1473,1473,None
1474,1474,5.0
1475,1475,5.0
1476,1476,None
1477,1477,5.0
1478,1478,5.0
1479,1479,5.0
1480,1480,5.0
1481,1481,None
1482,1482,5.0
1483,1483,5.0
1484,1484,5.0
1485,1485,5.0
1486,1486,5.0
1487,1487,5.0
1488,1488,5.0
1489,1489,5.0
1490,1490,5.0
1491,1491,5.0
1492,1492,5.0
1493,1493,5.0
1494,1494,None
1495,1495,None
1496,1496,None
1497,1497,5.0
1498,1498,5.0
1499,1499,5.0
1500,1500,5.0
1501,1501,5.0
1502,1502,5.0
1503,1503,5.0
1504,1504,None
1505,1505,None
1506,1506,None
1507,1507,None
1508,1508,None
1509,1509,None
1510,1510,None
1511,1511,None
1512,1512,None
1513,1513,None
1514,1514,None
1515,1515,None
1516,1516,None
1517,1517,None
1518,1518,None
1519,1519,5.0
1520,1520,5.0
1521,1521,5.0
1522,1522,5.0
1523,1523,None
1524,1524,None
1525,1525,5.0
1526,1526,5.0
1527,1527,5.0
1528,1528,5.0
1529,1529,5.0
1530,1530,5.0
1531,1531,5.0
1532,1532,5.0
1533,1533,5.0
1534,1534,5.0
1535,1535,5.0
1536,1536,5.0
1537,1537,5.0
1538,1538,5.0
1539,1539,5.0
1540,1540,5.0
1541,1541,5.0
1542,1542,5.0
1543,1543,5.0
1544,1544,5.0
1545,1545,5.0
1546,1546,5.0
1547,1547,5.0
1548,1548,5.0
1549,1549,5.0
1550,1550,5.0
1551,1551,5.0
1552,1552,5.0
1553,1553,5.0
1554,1554,5.0
1555,1555,5.0
1556,1556,5.0
1557,1557,5.0
1558,1558,5.0
1559,1559,None
1560,1560,5.0
1561,1561,5.0
1562,1562,5.0
1563,1563,5.0
1564,1564,5.0
1565,1565,5.0
1566,1566,5.0
1567,1567,None
1568,1568,5.0
1569,1569,5.0
1570,1570,5.0
1571,1571,5.0
1572,1572,None
1573,1573,5.0
1574,1574,5.0
1575,1575,5.0
1576,1576,5.0
1577,1577,5.0
1578,1578,5.0
1579,1579,5.0
1580,1580,5.0
1581,1581,5.0
1582,1582,5.0
1583,1583,5.0
1584,1584,5.0
1585,1585,5.0
1586,1586,5.0
1587,1587,5.0
1588,1588,5.0
1589,1589,5.0
1590,1590,5.0
1591,1591,5.0
1592,1592,5.0
1593,1593,5.0
1594,1594,5.0
1595,1595,5.0
1596,1596,5.0
1597,1597,5.0
1598,1598,5.0
1599,1599,5.0
1600,1600,None
1601,1601,5.0
1602,1602,5.0
1603,1603,None
1604,1604,5.0
1605,1605,None
1606,1606,5.0
1607,1607,None
1608,1608,None
1609,1609,None
1610,1610,5.0
1611,1611,None
1612,1612,5.0
1613,1613,None
1614,1614,None
1615,1615,None
1616,1616,5.0
1617,1617,5.0
1618,1618,5.0
1619,1619,None
1620,1620,5.0
1621,1621,5.0
1622,1622,5.0
1623,1623,5.0
1624,1624,5.0
1625,1625,5.0
1626,1626,5.0
1627,1627,None
1628,1628,None
1629,1629,5.0
1630,1630,5.0
1631,1631,5.0
1632,1632,5.0
1633,1633,None
1634,1634,5.0
1635,1635,5.0
1636,1636,5.0
1637,1637,5.0
1638,1638,5.0
1639,1639,5.0
1640,1640,5.0
1641,1641,5.0
1642,1642,5.0
1643,1643,5.0
1644,1644,5.0
1645,1645,5.0
1646,1646,5.0
1647,1647,5.0
1648,1648,5.0
1649,1649,None
1650,1650,5.0
1651,1651,None
1652,1652,None
1653,1653,None
1654,1654,None
1655,1655,5.0
1656,1656,5.0
1657,1657,None
1658,1658,5.0
1659,1659,5.0
1660,1660,5.0
1661,1661,5.0
1662,1662,5.0
1663,1663,5.0
1664,1664,5.0
1665,1665,5.0
1666,1666,5.0
1667,1667,5.0
1668,1668,5.0
1669,1669,1.0
1670,1670,5.0
1671,1671,5.0
1672,1672,5.0
1673,1673,5.0
1674,1674,5.0
1675,1675,5.0
1676,1676,5.0
1677,1677,5.0
1678,1678,5.0
1679,1679,5.0
1680,1680,5.0
1681,1681,5.0
1682,1682,5.0
1683,1683,5.0
1684,1684,5.0
1685,1685,5.0
1686,1686,5.0
1687,1687,5.0
1688,1688,5.0
1689,1689,5.0
1690,1690,1.0
1691,1691,5.0
1692,1692,5.0
1693,1693,5.0
1694,1694,5.0
1695,1695,5.0
1696,1696,5.0
1697,1697,5.0
1698,1698,5.0
1699,1699,5.0
1700,1700,5.0
1701,1701,5.0
1702,1702,5.0
1703,1703,5.0
1704,1704,5.0
1705,1705,5.0
1706,1706,5.0
1707,1707,5.0
1708,1708,5.0
1709,1709,5.0
1710,1710,5.0
1711,1711,5.0
1712,1712,5.0
1713,1713,5.0
1714,1714,5.0
1715,1715,None
1716,1716,None
1717,1717,None
1718,1718,5.0
1719,1719,5.0
1720,1720,5.0
1721,1721,5.0
1722,1722,5.0
1723,1723,5.0
1724,1724,5.0
1725,1725,5.0
1726,1726,5.0
1727,1727,5.0
1728,1728,5.0
1729,1729,5.0
1730,1730,5.0
1731,1731,5.0
1732,1732,5.0
1733,1733,5.0
1734,1734,5.0
1735,1735,5.0
1736,1736,5.0
1737,1737,5.0
1738,1738,5.0
1739,1739,5.0
1740,1740,5.0
1741,1741,5.0
1742,1742,5.0
1743,1743,5.0
1744,1744,5.0
1745,1745,5.0
1746,1746,5.0
1747,1747,5.0
1748,1748,5.0
1749,1749,5.0
1750,1750,None
1751,1751,5.0
1752,1752,None
1753,1753,None
1754,1754,None
1755,1755,5.0
1756,1756,5.0
1757,1757,None
1758,1758,None
1759,1759,None
1760,1760,None
1761,1761,None
1762,1762,None
1763,1763,None
1764,1764,None
1765,1765,5.0
1766,1766,5.0
1767,1767,5.0
1768,1768,5.0
1769,1769,5.0
1770,1770,None
1771,1771,None
1772,1772,5.0
1773,1773,5.0
1774,1774,5.0
1775,1775,5.0
1776,1776,5.0
1777,1777,5.0
1778,1778,5.0
1779,1779,5.0
1780,1780,5.0
1781,1781,5.0
1782,1782,5.0
1783,1783,5.0
1784,1784,5.0
1785,1785,5.0
1786,1786,5.0
1787,1787,5.0
1788,1788,5.0
1789,1789,5.0
1790,1790,5.0
1791,1791,5.0
1792,1792,5.0
1793,1793,5.0
1794,1794,5.0
1795,1795,5.0
1796,1796,5.0
1797,1797,5.0
1798,1798,5.0
1799,1799,5.0
1800,1800,5.0
1801,1801,5.0
1802,1802,5.0
1803,1803,5.0
1804,1804,5.0
1805,1805,5.0
1806,1806,5.0
1807,1807,5.0
1808,1808,5.0
1809,1809,5.0
1810,1810,5.0
1811,1811,5.0
1812,1812,5.0
1813,1813,5.0
1814,1814,5.0
1815,1815,5.0
1816,1816,5.0
1817,1817,5.0
1818,1818,5.0
1819,1819,5.0
1820,1820,5.0
1821,1821,5.0
1822,1822,5.0
1823,1823,None
1824,1824,None
1825,1825,None
1826,1826,None
1827,1827,5.0
1828,1828,5.0
1829,1829,None
1830,1830,5.0
1831,1831,None
1832,1832,None
1833,1833,5.0
1834,1834,None
1835,1835,5.0
1836,1836,None
1837,1837,None
1838,1838,5.0
1839,1839,None
1840,1840,None
1841,1841,5.0
1842,1842,5.0
1843,1843,5.0
1844,1844,5.0
1845,1845,5.0
1846,1846,None
1847,1847,5.0
1848,1848,5.0
1849,1849,5.0
1850,1850,5.0
1851,1851,5.0
1852,1852,5.0
1853,1853,5.0
1854,1854,5.0
1855,1855,5.0
1856,1856,5.0
1857,1857,5.0
1858,1858,5.0
1859,1859,5.0
1860,1860,None
1861,1861,None
1862,1862,None
1863,1863,None
1864,1864,None
1865,1865,None
1866,1866,None
1867,1867,None
1868,1868,None
1869,1869,None
1870,1870,None
1871,1871,None
1872,1872,None
1873,1873,None
1874,1874,None
1875,1875,None
1876,1876,None
1877,1877,None
1878,1878,None
1879,1879,None
1880,1880,None
1881,1881,None
1882,1882,None
1883,1883,None
1884,1884,None
1885,1885,None
1886,1886,None
1887,1887,None
1888,1888,None
1889,1889,None
1890,1890,None
1891,1891,None
1892,1892,5.0
1893,1893,5.0
1894,1894,None
1895,1895,5.0
1896,1896,5.0
1897,1897,5.0
1898,1898,5.0
1899,1899,5.0
1900,1900,5.0
1901,1901,5.0
1902,1902,5.0
1903,1903,5.0
1904,1904,5.0
1905,1905,5.0
1906,1906,5.0
1907,1907,5.0
1908,1908,5.0
1909,1909,5.0
1910,1910,5.0
1911,1911,5.0
1912,1912,5.0
1913,1913,5.0
1914,1914,5.0
1915,1915,5.0
1916,1916,5.0
1917,1917,5.0
1918,1918,5.0
1919,1919,5.0
1920,1920,5.0
1921,1921,None
1922,1922,5.0
1923,1923,5.0
1924,1924,5.0
1925,1925,5.0
1926,1926,5.0
1927,1927,5.0
1928,1928,5.0
1929,1929,5.0
1930,1930,5.0
1931,1931,5.0
1932,1932,5.0
1933,1933,5.0
1934,1934,5.0
1935,1935,None
1936,1936,5.0
1937,1937,5.0
1938,1938,5.0
1939,1939,5.0
1940,1940,5.0
1941,1941,5.0
1942,1942,5.0
1943,1943,5.0
1944,1944,5.0
1945,1945,5.0
1946,1946,5.0
1947,1947,5.0
1948,1948,5.0
1949,1949,5.0
1950,1950,5.0
1951,1951,5.0
1952,1952,5.0
1953,1953,None
1954,1954,5.0
1955,1955,5.0
1956,1956,5.0
1957,1957,5.0
1958,1958,5.0
1959,1959,5.0
1960,1960,5.0
1961,1961,5.0
1962,1962,5.0
1963,1963,5.0
1964,1964,5.0
1965,1965,5.0
1966,1966,5.0
1967,1967,5.0
1968,1968,5.0
1969,1969,5.0
1970,1970,5.0
1971,1971,5.0
1972,1972,5.0
1973,1973,5.0
1974,1974,5.0
1975,1975,5.0
1976,1976,None
1977,1977,5.0
1978,1978,5.0
1979,1979,1.0
1980,1980,5.0
1981,1981,5.0
1982,1982,5.0
1983,1983,5.0
1984,1984,5.0
1985,1985,5.0
1986,1986,5.0
1987,1987,5.0
1988,1988,5.0
1989,1989,5.0
1990,1990,5.0
1991,1991,5.0
1992,1992,5.0
1993,1993,5.0
1994,1994,5.0
1995,1995,5.0
1996,1996,5.0
1997,1997,5.0
1998,1998,5.0
1999,1999,5.0
2000,2000,5.0
2001,2001,5.0
2002,2002,5.0
2003,2003,5.0
2004,2004,5.0
2005,2005,5.0
2006,2006,5.0
2007,2007,5.0
2008,2008,5.0
2009,2009,5.0
2010,2010,5.0
2011,2011,5.0
2012,2012,5.0
2013,2013,5.0
2014,2014,5.0
2015,2015,5.0
2016,2016,5.0
2017,2017,5.0
2018,2018,None
2019,2019,5.0
2020,2020,5.0
2021,2021,5.0
2022,2022,5.0
2023,2023,5.0
2024,2024,5.0
2025,2025,5.0
2026,2026,5.0
2027,2027,5.0
2028,2028,5.0
2029,2029,5.0
2030,2030,5.0
2031,2031,5.0
2032,2032,5.0
2033,2033,5.0
2034,2034,5.0
2035,2035,5.0
2036,2036,5.0
2037,2037,5.0
2038,2038,5.0
2039,2039,5.0
2040,2040,5.0
2041,2041,5.0
2042,2042,5.0
2043,2043,5.0
2044,2044,5.0
2045,2045,5.0
2046,2046,5.0
2047,2047,5.0
2048,2048,5.0
2049,2049,5.0
2050,2050,5.0
2051,2051,5.0
2052,2052,5.0
2053,2053,5.0
2054,2054,5.0
2055,2055,5.0
2056,2056,5.0
2057,2057,5.0
2058,2058,5.0
2059,2059,5.0
2060,2060,5.0
2061,2061,5.0
2062,2062,5.0
2063,2063,5.0
2064,2064,5.0
2065,2065,5.0
2066,2066,5.0
2067,2067,5.0
2068,2068,5.0
2069,2069,5.0
2070,2070,5.0
2071,2071,None
2072,2072,None
2073,2073,None
2074,2074,5.0
2075,2075,5.0
2076,2076,5.0
2077,2077,5.0
2078,2078,5.0
2079,2079,5.0
2080,2080,None
2081,2081,5.0
2082,2082,None
2083,2083,5.0
2084,2084,5.0
2085,2085,5.0
2086,2086,5.0
2087,2087,5.0
2088,2088,5.0
2089,2089,5.0
2090,2090,None
2091,2091,5.0
2092,2092,5.0
2093,2093,None
2094,2094,5.0
2095,2095,5.0
2096,2096,5.0
2097,2097,None
2098,2098,5.0
2099,2099,5.0
2100,2100,5.0
2101,2101,5.0
2102,2102,5.0
2103,2103,5.0
2104,2104,5.0
2105,2105,5.0
2106,2106,5.0
2107,2107,5.0
2108,2108,5.0
2109,2109,5.0
2110,2110,5.0
2111,2111,5.0
2112,2112,5.0
2113,2113,5.0
2114,2114,5.0
2115,2115,5.0
2116,2116,5.0
2117,2117,5.0
2118,2118,5.0
2119,2119,5.0
2120,2120,5.0
2121,2121,5.0
2122,2122,5.0
2123,2123,5.0
2124,2124,5.0
2125,2125,5.0
2126,2126,5.0
2127,2127,5.0
2128,2128,5.0
2129,2129,5.0
2130,2130,5.0
2131,2131,5.0
2132,2132,5.0
2133,2133,5.0
2134,2134,5.0
2135,2135,5.0
2136,2136,5.0
2137,2137,5.0
2138,2138,5.0
2139,2139,5.0
2140,2140,5.0
2141,2141,5.0
2142,2142,5.0
2143,2143,5.0
2144,2144,5.0
2145,2145,5.0
2146,2146,5.0
2147,2147,5.0
2148,2148,5.0
2149,2149,5.0
2150,2150,5.0
2151,2151,5.0
2152,2152,5.0
2153,2153,None
2154,2154,5.0
2155,2155,5.0
2156,2156,5.0
2157,2157,None
2158,2158,5.0
2159,2159,5.0
2160,2160,5.0
2161,2161,5.0
2162,2162,5.0
2163,2163,5.0
2164,2164,5.0
2165,2165,5.0
2166,2166,5.0
2167,2167,5.0
2168,2168,5.0
2169,2169,5.0
2170,2170,None
2171,2171,5.0
2172,2172,5.0
2173,2173,5.0
2174,2174,5.0
2175,2175,5.0
2176,2176,5.0
2177,2177,5.0
2178,2178,5.0
2179,2179,None
2180,2180,5.0
2181,2181,5.0
2182,2182,5.0
2183,2183,None
2184,2184,5.0
2185,2185,5.0
2186,2186,5.0
2187,2187,5.0
2188,2188,None
2189,2189,5.0
2190,2190,None
2191,2191,5.0
2192,2192,5.0
2193,2193,None
2194,2194,None
2195,2195,None
2196,2196,5.0
2197,2197,None
2198,2198,None
2199,2199,5.0
2200,2200,None
2201,2201,None
2202,2202,5.0
2203,2203,5.0
2204,2204,5.0
2205,2205,5.0
2206,2206,5.0
2207,2207,5.0
2208,2208,5.0
2209,2209,5.0
2210,2210,5.0
2211,2211,5.0
2212,2212,5.0
2213,2213,5.0
2214,2214,5.0
2215,2215,5.0
2216,2216,5.0
2217,2217,5.0
2218,2218,5.0
2219,2219,5.0
2220,2220,5.0
2221,2221,5.0
2222,2222,5.0
2223,2223,5.0
2224,2224,5.0
2225,2225,5.0
2226,2226,5.0
2227,2227,5.0
2228,2228,5.0
2229,2229,5.0
2230,2230,5.0
2231,2231,5.0
2232,2232,5.0
2233,2233,5.0
2234,2234,5.0
2235,2235,5.0
2236,2236,5.0
2237,2237,5.0
2238,2238,5.0
2239,2239,5.0
2240,2240,5.0
2241,2241,5.0
2242,2242,5.0
2243,2243,5.0
2244,2244,5.0
2245,2245,5.0
2246,2246,5.0
2247,2247,5.0
2248,2248,5.0
2249,2249,5.0
2250,2250,5.0
2251,2251,5.0
2252,2252,5.0
2253,2253,None
2254,2254,5.0
2255,2255,5.0
2256,2256,5.0
2257,2257,5.0
2258,2258,5.0
2259,2259,5.0
2260,2260,5.0
2261,2261,5.0
2262,2262,5.0
2263,2263,5.0
2264,2264,5.0
2265,2265,5.0
2266,2266,5.0
2267,2267,5.0
2268,2268,5.0
2269,2269,5.0
2270,2270,5.0
2271,2271,5.0
2272,2272,5.0
2273,2273,5.0
2274,2274,5.0
2275,2275,5.0
2276,2276,5.0
2277,2277,5.0
2278,2278,5.0
2279,2279,5.0
2280,2280,5.0
2281,2281,5.0
2282,2282,5.0
2283,2283,5.0
2284,2284,5.0
2285,2285,5.0
2286,2286,5.0
2287,2287,5.0
2288,2288,5.0
2289,2289,5.0
2290,2290,5.0
2291,2291,5.0
2292,2292,5.0
2293,2293,5.0
2294,2294,5.0
2295,2295,5.0
2296,2296,5.0
2297,2297,5.0
2298,2298,5.0
2299,2299,5.0
2300,2300,5.0
2301,2301,5.0
2302,2302,5.0
2303,2303,5.0
2304,2304,5.0
2305,2305,None
2306,2306,None
2307,2307,None
2308,2308,None
2309,2309,5.0
2310,2310,None
2311,2311,5.0
2312,2312,5.0
2313,2313,5.0
2314,2314,None
2315,2315,5.0
2316,2316,5.0
2317,2317,5.0
2318,2318,None
2319,2319,5.0
2320,2320,None
2321,2321,None
2322,2322,5.0
2323,2323,None
2324,2324,None
2325,2325,5.0
2326,2326,None
2327,2327,5.0
2328,2328,5.0
2329,2329,5.0
2330,2330,5.0
2331,2331,None
2332,2332,5.0
2333,2333,5.0
2334,2334,5.0
2335,2335,5.0
2336,2336,5.0
2337,2337,5.0
2338,2338,5.0
2339,2339,5.0
2340,2340,5.0
2341,2341,5.0
2342,2342,5.0
2343,2343,5.0
2344,2344,5.0
2345,2345,5.0
2346,2346,5.0
2347,2347,5.0
2348,2348,5.0
2349,2349,5.0
2350,2350,5.0
2351,2351,5.0
2352,2352,5.0
2353,2353,5.0
2354,2354,5.0
2355,2355,5.0
2356,2356,5.0
2357,2357,5.0
2358,2358,5.0
2359,2359,5.0
2360,2360,5.0
2361,2361,5.0
2362,2362,5.0
2363,2363,5.0
2364,2364,5.0
2365,2365,5.0
2366,2366,5.0
2367,2367,5.0
2368,2368,5.0
2369,2369,5.0
2370,2370,5.0
2371,2371,5.0
2372,2372,5.0
2373,2373,5.0
2374,2374,5.0
2375,2375,5.0
2376,2376,5.0
2377,2377,5.0
2378,2378,5.0
2379,2379,5.0
2380,2380,5.0
2381,2381,5.0
2382,2382,5.0
2383,2383,5.0
2384,2384,5.0
2385,2385,5.0
2386,2386,5.0
2387,2387,5.0
2388,2388,5.0
2389,2389,5.0
2390,2390,5.0
2391,2391,5.0
2392,2392,5.0
2393,2393,5.0
2394,2394,5.0
2395,2395,5.0
2396,2396,5.0
2397,2397,5.0
2398,2398,5.0
2399,2399,5.0
2400,2400,5.0
2401,2401,5.0
2402,2402,5.0
2403,2403,5.0
2404,2404,5.0
2405,2405,5.0
2406,2406,5.0
2407,2407,5.0
2408,2408,5.0
2409,2409,5.0
2410,2410,5.0
2411,2411,5.0
2412,2412,5.0
2413,2413,5.0
2414,2414,5.0
2415,2415,5.0
2416,2416,5.0
2417,2417,5.0
2418,2418,5.0
2419,2419,5.0
2420,2420,5.0
2421,2421,5.0
2422,2422,5.0
2423,2423,5.0
2424,2424,5.0
2425,2425,5.0
2426,2426,5.0
2427,2427,5.0
2428,2428,5.0
2429,2429,5.0
2430,2430,5.0
2431,2431,5.0
2432,2432,5.0
2433,2433,5.0
2434,2434,5.0
2435,2435,5.0
2436,2436,5.0
2437,2437,5.0
2438,2438,5.0
2439,2439,5.0
2440,2440,5.0
2441,2441,5.0
2442,2442,5.0
2443,2443,5.0
2444,2444,5.0
2445,2445,5.0
2446,2446,5.0
2447,2447,5.0
2448,2448,5.0
2449,2449,5.0
2450,2450,5.0
2451,2451,5.0
2452,2452,5.0
2453,2453,5.0
2454,2454,5.0
2455,2455,5.0
2456,2456,5.0
2457,2457,5.0
2458,2458,5.0
2459,2459,5.0
2460,2460,5.0
2461,2461,5.0
2462,2462,5.0
2463,2463,5.0
2464,2464,5.0
2465,2465,5.0
2466,2466,5.0
2467,2467,5.0
2468,2468,5.0
2469,2469,5.0
2470,2470,5.0
2471,2471,5.0
2472,2472,5.0
2473,2473,5.0
2474,2474,5.0
2475,2475,5.0
2476,2476,5.0
2477,2477,5.0
2478,2478,5.0
2479,2479,5.0
2480,2480,5.0
2481,2481,5.0
2482,2482,5.0
2483,2483,5.0
2484,2484,5.0
2485,2485,5.0
2486,2486,5.0
2487,2487,5.0
2488,2488,5.0
2489,2489,5.0
2490,2490,5.0
2491,2491,5.0
2492,2492,5.0
2493,2493,5.0
2494,2494,5.0
2495,2495,5.0
2496,2496,5.0
2497,2497,5.0
2498,2498,5.0
2499,2499,5.0
2500,2500,5.0
2501,2501,5.0
2502,2502,5.0
2503,2503,5.0
2504,2504,5.0
2505,2505,5.0
2506,2506,5.0
2507,2507,5.0
2508,2508,5.0
2509,2509,5.0
2510,2510,5.0
2511,2511,5.0
2512,2512,5.0
2513,2513,5.0
2514,2514,5.0
2515,2515,5.0
2516,2516,5.0
2517,2517,5.0
2518,2518,5.0
2519,2519,5.0
2520,2520,5.0
2521,2521,5.0
2522,2522,5.0
2523,2523,5.0
2524,2524,5.0
2525,2525,5.0
2526,2526,5.0
2527,2527,5.0
2528,2528,5.0
2529,2529,5.0
2530,2530,5.0
2531,2531,5.0
2532,2532,5.0
2533,2533,5.0
2534,2534,5.0
2535,2535,5.0
2536,2536,5.0
2537,2537,5.0
2538,2538,5.0
2539,2539,5.0
2540,2540,5.0
2541,2541,5.0
2542,2542,5.0
2543,2543,5.0
2544,2544,5.0
2545,2545,5.0
2546,2546,5.0
2547,2547,5.0
2548,2548,5.0
2549,2549,5.0
2550,2550,5.0
2551,2551,5.0
2552,2552,5.0
2553,2553,5.0
2554,2554,5.0
2555,2555,5.0
2556,2556,5.0
2557,2557,5.0
2558,2558,5.0
2559,2559,5.0
2560,2560,5.0
2561,2561,5.0
2562,2562,5.0
2563,2563,5.0
2564,2564,5.0
2565,2565,5.0
2566,2566,5.0
2567,2567,5.0
2568,2568,5.0
2569,2569,5.0
2570,2570,5.0
2571,2571,5.0
2572,2572,5.0
2573,2573,5.0
2574,2574,5.0
2575,2575,5.0
2576,2576,5.0
2577,2577,5.0
2578,2578,5.0
2579,2579,5.0
2580,2580,5.0
2581,2581,5.0
2582,2582,5.0
2583,2583,5.0
2584,2584,5.0
2585,2585,5.0
2586,2586,5.0
2587,2587,5.0
2588,2588,5.0
2589,2589,5.0
2590,2590,5.0
2591,2591,5.0
2592,2592,5.0
2593,2593,5.0
2594,2594,5.0
2595,2595,5.0
2596,2596,5.0
2597,2597,5.0
2598,2598,5.0
2599,2599,5.0
2600,2600,5.0
2601,2601,5.0
2602,2602,5.0
2603,2603,5.0
2604,2604,5.0
2605,2605,5.0
2606,2606,5.0
2607,2607,5.0
2608,2608,None
2609,2609,5.0
2610,2610,5.0
2611,2611,5.0
2612,2612,5.0
2613,2613,5.0
2614,2614,5.0
2615,2615,5.0
2616,2616,5.0
2617,2617,5.0
2618,2618,5.0
2619,2619,5.0
2620,2620,5.0
2621,2621,5.0
2622,2622,5.0
2623,2623,5.0
2624,2624,5.0
2625,2625,5.0
2626,2626,5.0
2627,2627,5.0
2628,2628,5.0
2629,2629,5.0
2630,2630,5.0
2631,2631,5.0
2632,2632,5.0
2633,2633,5.0
2634,2634,5.0
2635,2635,5.0
2636,2636,5.0
2637,2637,5.0
2638,2638,5.0
2639,2639,5.0
2640,2640,5.0
2641,2641,5.0
2642,2642,5.0
2643,2643,5.0
2644,2644,5.0
2645,2645,5.0
2646,2646,5.0
2647,2647,5.0
2648,2648,5.0
2649,2649,5.0
2650,2650,5.0
2651,2651,5.0
2652,2652,5.0
2653,2653,5.0
2654,2654,5.0
2655,2655,5.0
2656,2656,5.0
2657,2657,5.0
2658,2658,5.0
2659,2659,5.0
2660,2660,5.0
2661,2661,5.0
2662,2662,5.0
2663,2663,5.0
2664,2664,5.0
2665,2665,5.0
2666,2666,5.0
2667,2667,5.0
2668,2668,5.0
2669,2669,5.0
2670,2670,5.0
2671,2671,5.0
2672,2672,5.0
2673,2673,5.0
2674,2674,5.0
2675,2675,5.0
2676,2676,5.0
2677,2677,5.0
2678,2678,5.0
2679,2679,5.0
2680,2680,5.0
2681,2681,5.0
2682,2682,5.0
2683,2683,5.0
2684,2684,5.0
2685,2685,5.0
2686,2686,5.0
2687,2687,5.0
2688,2688,5.0
2689,2689,5.0
2690,2690,5.0
2691,2691,5.0
2692,2692,5.0
2693,2693,5.0
2694,2694,5.0
2695,2695,5.0
2696,2696,5.0
2697,2697,5.0
2698,2698,5.0
2699,2699,5.0
2700,2700,5.0
2701,2701,5.0
2702,2702,5.0
2703,2703,5.0
2704,2704,5.0
2705,2705,5.0
2706,2706,5.0
2707,2707,5.0
2708,2708,5.0
2709,2709,5.0
2710,2710,5.0
2711,2711,5.0
2712,2712,5.0
2713,2713,5.0
2714,2714,5.0
2715,2715,5.0
2716,2716,5.0
2717,2717,5.0
2718,2718,5.0
2719,2719,5.0
2720,2720,5.0
2721,2721,5.0
2722,2722,5.0
2723,2723,5.0
2724,2724,5.0
2725,2725,5.0
2726,2726,5.0
2727,2727,5.0
2728,2728,5.0
2729,2729,5.0
2730,2730,5.0
2731,2731,5.0
2732,2732,5.0
2733,2733,5.0
2734,2734,5.0
2735,2735,5.0
2736,2736,5.0
2737,2737,5.0
2738,2738,5.0
2739,2739,5.0
2740,2740,5.0
2741,2741,5.0
2742,2742,5.0
2743,2743,5.0
2744,2744,5.0
2745,2745,5.0
2746,2746,5.0
2747,2747,5.0
2748,2748,5.0
2749,2749,5.0
2750,2750,5.0
2751,2751,5.0
2752,2752,5.0
2753,2753,5.0
2754,2754,5.0
2755,2755,5.0
2756,2756,5.0
2757,2757,5.0
2758,2758,5.0
2759,2759,5.0
2760,2760,5.0
2761,2761,5.0
2762,2762,5.0
2763,2763,5.0
2764,2764,None
2765,2765,5.0
2766,2766,5.0
2767,2767,5.0
2768,2768,5.0
2769,2769,None
2770,2770,5.0
2771,2771,5.0
2772,2772,None
2773,2773,None
2774,2774,None
2775,2775,5.0
2776,2776,5.0
2777,2777,5.0
2778,2778,5.0
2779,2779,5.0
2780,2780,5.0
2781,2781,5.0
2782,2782,5.0
2783,2783,5.0
2784,2784,5.0
2785,2785,5.0
2786,2786,5.0
2787,2787,5.0
2788,2788,5.0
2789,2789,5.0
2790,2790,5.0
2791,2791,5.0
2792,2792,5.0
2793,2793,5.0
2794,2794,5.0
2795,2795,5.0
2796,2796,5.0
2797,2797,5.0
2798,2798,5.0
2799,2799,5.0
2800,2800,5.0
2801,2801,5.0
2802,2802,5.0
2803,2803,5.0
2804,2804,5.0
2805,2805,5.0
2806,2806,5.0
2807,2807,5.0
2808,2808,5.0
2809,2809,5.0
2810,2810,5.0
2811,2811,5.0
2812,2812,5.0
2813,2813,5.0
2814,2814,5.0
2815,2815,5.0
2816,2816,5.0
2817,2817,5.0
2818,2818,5.0
2819,2819,5.0
2820,2820,5.0
2821,2821,5.0
2822,2822,5.0
2823,2823,5.0
2824,2824,5.0
2825,2825,5.0
2826,2826,5.0
2827,2827,5.0
2828,2828,None
2829,2829,5.0
2830,2830,None
2831,2831,5.0
2832,2832,5.0
2833,2833,5.0
2834,2834,5.0
2835,2835,5.0
2836,2836,5.0
2837,2837,5.0
2838,2838,5.0
2839,2839,5.0
2840,2840,None
2841,2841,None
2842,2842,5.0
2843,2843,None
2844,2844,None
2845,2845,None
2846,2846,5.0
2847,2847,None
2848,2848,5.0
2849,2849,5.0
2850,2850,5.0
2851,2851,5.0
2852,2852,5.0
2853,2853,5.0
2854,2854,5.0
2855,2855,5.0
2856,2856,5.0
2857,2857,5.0
2858,2858,5.0
2859,2859,5.0
2860,2860,5.0
2861,2861,5.0
2862,2862,5.0
2863,2863,5.0
2864,2864,5.0
2865,2865,5.0
2866,2866,5.0
2867,2867,5.0
2868,2868,5.0
2869,2869,5.0
2870,2870,5.0
2871,2871,5.0
2872,2872,5.0
2873,2873,5.0
2874,2874,5.0
2875,2875,5.0
2876,2876,5.0
2877,2877,5.0
2878,2878,5.0
2879,2879,5.0
2880,2880,5.0
2881,2881,5.0
2882,2882,5.0
2883,2883,5.0
2884,2884,5.0
2885,2885,5.0
2886,2886,5.0
2887,2887,5.0
2888,2888,5.0
2889,2889,5.0
2890,2890,5.0
2891,2891,5.0
2892,2892,5.0
2893,2893,5.0
2894,2894,5.0
2895,2895,5.0
2896,2896,5.0
2897,2897,5.0
2898,2898,5.0
2899,2899,5.0
2900,2900,5.0
2901,2901,None
2902,2902,None
2903,2903,5.0
2904,2904,5.0
2905,2905,5.0
2906,2906,5.0
2907,2907,5.0
2908,2908,5.0
2909,2909,5.0
2910,2910,5.0
2911,2911,5.0
2912,2912,5.0
2913,2913,5.0
2914,2914,5.0
2915,2915,5.0
2916,2916,5.0
2917,2917,5.0
2918,2918,5.0
2919,2919,5.0
2920,2920,5.0
2921,2921,5.0
2922,2922,5.0
2923,2923,5.0
2924,2924,5.0
2925,2925,5.0
2926,2926,5.0
2927,2927,5.0
2928,2928,5.0
2929,2929,5.0
2930,2930,5.0
2931,2931,5.0
2932,2932,5.0
2933,2933,5.0
2934,2934,5.0
2935,2935,5.0
2936,2936,5.0
2937,2937,5.0
2938,2938,5.0
2939,2939,5.0
2940,2940,5.0
2941,2941,5.0
2942,2942,5.0
2943,2943,5.0
2944,2944,5.0
2945,2945,5.0
2946,2946,5.0
2947,2947,5.0
2948,2948,5.0
2949,2949,5.0
2950,2950,5.0
2951,2951,5.0
2952,2952,5.0
2953,2953,5.0
2954,2954,5.0
2955,2955,5.0
2956,2956,5.0
2957,2957,5.0
2958,2958,5.0
2959,2959,5.0
2960,2960,5.0
2961,2961,5.0
2962,2962,5.0
2963,2963,5.0
2964,2964,5.0
2965,2965,5.0
2966,2966,5.0
2967,2967,5.0
2968,2968,5.0
2969,2969,5.0
2970,2970,5.0
2971,2971,5.0
2972,2972,5.0
2973,2973,5.0
2974,2974,5.0
2975,2975,5.0
2976,2976,5.0
2977,2977,5.0
2978,2978,5.0
2979,2979,5.0
2980,2980,5.0
2981,2981,5.0
2982,2982,5.0
2983,2983,5.0
2984,2984,5.0
2985,2985,5.0
2986,2986,5.0
2987,2987,5.0
2988,2988,5.0
2989,2989,5.0
2990,2990,5.0
2991,2991,None
2992,2992,None
2993,2993,5.0
2994,2994,None
2995,2995,5.0
2996,2996,5.0
2997,2997,None
2998,2998,None
2999,2999,5.0
3000,3000,5.0
3001,3001,5.0
3002,3002,5.0
3003,3003,5.0
3004,3004,5.0
3005,3005,5.0
3006,3006,5.0
3007,3007,5.0
3008,3008,5.0
3009,3009,5.0
3010,3010,5.0
3011,3011,5.0
3012,3012,5.0
3013,3013,5.0
3014,3014,5.0
3015,3015,5.0
3016,3016,5.0
3017,3017,5.0
3018,3018,5.0
3019,3019,5.0
3020,3020,5.0
3021,3021,5.0
3022,3022,5.0
3023,3023,5.0
3024,3024,5.0
3025,3025,5.0
3026,3026,5.0
3027,3027,None
3028,3028,None
3029,3029,5.0
3030,3030,5.0
3031,3031,5.0
3032,3032,5.0
3033,3033,5.0
3034,3034,5.0
3035,3035,5.0
3036,3036,5.0
3037,3037,5.0
3038,3038,5.0
3039,3039,5.0
3040,3040,5.0
3041,3041,5.0
3042,3042,5.0
3043,3043,5.0
3044,3044,5.0
3045,3045,5.0
3046,3046,5.0
3047,3047,5.0
3048,3048,5.0
3049,3049,5.0
3050,3050,5.0
3051,3051,5.0
3052,3052,5.0
3053,3053,5.0
3054,3054,5.0
3055,3055,5.0
3056,3056,5.0
3057,3057,5.0
3058,3058,5.0
3059,3059,5.0
3060,3060,5.0
3061,3061,5.0
3062,3062,5.0
3063,3063,5.0
3064,3064,5.0
3065,3065,5.0
3066,3066,5.0
3067,3067,5.0
3068,3068,5.0
3069,3069,5.0
3070,3070,5.0
3071,3071,5.0
3072,3072,5.0
3073,3073,5.0
3074,3074,5.0
3075,3075,5.0
3076,3076,5.0
3077,3077,5.0
3078,3078,5.0
3079,3079,5.0
3080,3080,5.0
3081,3081,5.0
3082,3082,5.0
3083,3083,5.0
3084,3084,5.0
3085,3085,5.0
3086,3086,5.0
3087,3087,5.0
3088,3088,5.0
3089,3089,5.0
3090,3090,5.0
3091,3091,5.0
3092,3092,5.0
3093,3093,5.0
3094,3094,5.0
3095,3095,5.0
3096,3096,5.0
3097,3097,5.0
3098,3098,5.0
3099,3099,5.0
3100,3100,5.0
3101,3101,5.0
3102,3102,5.0
3103,3103,5.0
3104,3104,5.0
3105,3105,5.0
3106,3106,5.0
3107,3107,5.0
3108,3108,5.0
3109,3109,5.0
3110,3110,5.0
3111,3111,5.0
3112,3112,5.0
3113,3113,5.0
3114,3114,5.0
3115,3115,5.0
3116,3116,5.0
3117,3117,None
3118,3118,5.0
3119,3119,5.0
3120,3120,5.0
3121,3121,5.0
3122,3122,5.0
3123,3123,5.0
3124,3124,5.0
3125,3125,5.0
3126,3126,5.0
3127,3127,5.0
3128,3128,5.0
3129,3129,5.0
3130,3130,5.0
3131,3131,5.0
3132,3132,5.0
3133,3133,5.0
3134,3134,5.0
3135,3135,5.0
3136,3136,5.0
3137,3137,5.0
3138,3138,5.0
3139,3139,5.0
3140,3140,5.0
3141,3141,5.0
3142,3142,5.0
3143,3143,5.0
3144,3144,5.0
3145,3145,5.0
3146,3146,5.0
3147,3147,5.0
3148,3148,5.0
3149,3149,5.0
3150,3150,5.0
3151,3151,None
3152,3152,5.0
3153,3153,None
3154,3154,None
3155,3155,5.0
3156,3156,None
3157,3157,None
3158,3158,5.0
3159,3159,None
3160,3160,5.0
3161,3161,None
3162,3162,None
3163,3163,5.0
3164,3164,5.0
3165,3165,5.0
3166,3166,5.0
3167,3167,5.0
3168,3168,5.0
3169,3169,5.0
3170,3170,5.0
3171,3171,5.0
3172,3172,5.0
3173,3173,5.0
3174,3174,5.0
3175,3175,5.0
3176,3176,5.0
3177,3177,5.0
3178,3178,5.0
3179,3179,5.0
3180,3180,5.0
3181,3181,5.0
3182,3182,5.0
3183,3183,5.0
3184,3184,5.0
3185,3185,5.0
3186,3186,5.0
3187,3187,5.0
3188,3188,5.0
3189,3189,5.0
3190,3190,5.0
3191,3191,5.0
3192,3192,5.0
3193,3193,5.0
3194,3194,5.0
3195,3195,5.0
3196,3196,None
3197,3197,5.0
3198,3198,5.0
3199,3199,None
3200,3200,5.0
3201,3201,5.0
3202,3202,None
3203,3203,5.0
3204,3204,None
3205,3205,5.0
3206,3206,5.0
3207,3207,None
3208,3208,5.0
3209,3209,None
3210,3210,None
3211,3211,5.0
3212,3212,5.0
3213,3213,5.0
3214,3214,5.0
3215,3215,5.0
3216,3216,5.0
3217,3217,5.0
3218,3218,5.0
3219,3219,5.0
3220,3220,5.0
3221,3221,5.0
3222,3222,5.0
3223,3223,5.0
3224,3224,5.0
3225,3225,5.0
3226,3226,5.0
3227,3227,5.0
3228,3228,5.0
3229,3229,5.0
3230,3230,5.0
3231,3231,5.0
3232,3232,5.0
3233,3233,5.0
3234,3234,5.0
3235,3235,5.0
3236,3236,5.0
3237,3237,5.0
3238,3238,5.0
3239,3239,5.0
3240,3240,5.0
3241,3241,5.0
3242,3242,5.0
3243,3243,5.0
3244,3244,5.0
3245,3245,5.0
3246,3246,5.0
3247,3247,5.0
3248,3248,5.0
3249,3249,5.0
3250,3250,5.0
3251,3251,5.0
3252,3252,5.0
3253,3253,5.0
3254,3254,5.0
3255,3255,5.0
3256,3256,5.0
3257,3257,5.0
3258,3258,5.0
3259,3259,5.0
3260,3260,5.0
3261,3261,5.0
3262,3262,5.0
3263,3263,5.0
3264,3264,5.0
3265,3265,5.0
3266,3266,5.0
3267,3267,5.0
3268,3268,5.0
3269,3269,5.0
3270,3270,5.0
3271,3271,5.0
3272,3272,5.0
3273,3273,5.0
3274,3274,5.0
3275,3275,5.0
3276,3276,5.0
3277,3277,5.0
3278,3278,5.0
3279,3279,5.0
3280,3280,None
3281,3281,5.0
3282,3282,5.0
3283,3283,5.0
3284,3284,5.0
3285,3285,5.0
3286,3286,5.0
3287,3287,5.0
3288,3288,5.0
3289,3289,5.0
3290,3290,5.0
3291,3291,5.0
3292,3292,5.0
3293,3293,5.0
3294,3294,5.0
3295,3295,5.0
3296,3296,5.0
3297,3297,5.0
3298,3298,5.0
3299,3299,5.0
3300,3300,5.0
3301,3301,5.0
3302,3302,5.0
3303,3303,5.0
3304,3304,5.0
3305,3305,5.0
3306,3306,5.0
3307,3307,5.0
3308,3308,5.0
3309,3309,5.0
3310,3310,5.0
3311,3311,5.0
3312,3312,5.0
3313,3313,5.0
3314,3314,5.0
3315,3315,5.0
3316,3316,5.0
3317,3317,5.0
3318,3318,5.0
3319,3319,5.0
3320,3320,5.0
3321,3321,5.0
3322,3322,5.0
3323,3323,5.0
3324,3324,5.0
3325,3325,5.0
3326,3326,5.0
3327,3327,5.0
3328,3328,5.0
3329,3329,5.0
3330,3330,5.0
3331,3331,5.0
3332,3332,5.0
3333,3333,5.0
3334,3334,5.0
3335,3335,5.0
3336,3336,5.0
3337,3337,5.0
3338,3338,5.0
3339,3339,5.0
3340,3340,5.0
3341,3341,5.0
3342,3342,5.0
3343,3343,5.0
3344,3344,5.0
3345,3345,5.0
3346,3346,5.0
3347,3347,5.0
3348,3348,5.0
3349,3349,5.0
3350,3350,5.0
3351,3351,5.0
3352,3352,5.0
3353,3353,5.0
3354,3354,5.0
3355,3355,5.0
3356,3356,5.0
3357,3357,5.0
3358,3358,5.0
3359,3359,5.0
3360,3360,5.0
3361,3361,5.0
3362,3362,5.0
3363,3363,5.0
3364,3364,5.0
3365,3365,5.0
3366,3366,5.0
3367,3367,5.0
3368,3368,5.0
3369,3369,5.0
3370,3370,5.0
3371,3371,5.0
3372,3372,5.0
3373,3373,5.0
3374,3374,5.0
3375,3375,5.0
3376,3376,5.0
3377,3377,5.0
3378,3378,5.0
3379,3379,5.0
3380,3380,5.0
3381,3381,5.0
3382,3382,5.0
3383,3383,5.0
3384,3384,5.0
3385,3385,5.0
3386,3386,5.0
3387,3387,5.0
3388,3388,5.0
3389,3389,5.0
3390,3390,5.0
3391,3391,5.0
3392,3392,5.0
3393,3393,None
3394,3394,5.0
3395,3395,5.0
3396,3396,5.0
3397,3397,5.0
3398,3398,5.0
3399,3399,5.0
3400,3400,5.0
3401,3401,5.0
3402,3402,5.0
3403,3403,5.0
3404,3404,5.0
3405,3405,5.0
3406,3406,5.0
3407,3407,5.0
3408,3408,5.0
3409,3409,5.0
3410,3410,5.0
3411,3411,5.0
3412,3412,5.0
3413,3413,5.0
3414,3414,5.0
3415,3415,5.0
3416,3416,5.0
3417,3417,5.0
3418,3418,5.0
3419,3419,5.0
3420,3420,5.0
3421,3421,5.0
3422,3422,5.0
3423,3423,5.0
3424,3424,5.0
3425,3425,5.0
3426,3426,5.0
3427,3427,5.0
3428,3428,5.0
3429,3429,5.0
3430,3430,5.0
3431,3431,5.0
3432,3432,5.0
3433,3433,5.0
3434,3434,5.0
3435,3435,5.0
3436,3436,5.0
3437,3437,5.0
3438,3438,5.0
3439,3439,5.0
3440,3440,5.0
3441,3441,5.0
3442,3442,5.0
3443,3443,5.0
3444,3444,5.0
3445,3445,5.0
3446,3446,5.0
3447,3447,5.0
3448,3448,5.0
3449,3449,5.0
3450,3450,5.0
3451,3451,5.0
3452,3452,5.0
3453,3453,5.0
3454,3454,5.0
3455,3455,5.0
3456,3456,5.0
3457,3457,5.0
3458,3458,5.0
3459,3459,5.0
3460,3460,5.0
3461,3461,5.0
3462,3462,5.0
3463,3463,5.0
3464,3464,5.0
3465,3465,5.0
3466,3466,5.0
3467,3467,5.0
3468,3468,5.0
3469,3469,5.0
3470,3470,5.0
3471,3471,5.0
3472,3472,5.0
3473,3473,5.0
3474,3474,5.0
3475,3475,5.0
3476,3476,5.0
3477,3477,5.0
3478,3478,5.0
3479,3479,5.0
3480,3480,5.0
3481,3481,5.0
3482,3482,5.0
3483,3483,None
3484,3484,5.0
3485,3485,5.0
3486,3486,5.0
3487,3487,5.0
3488,3488,5.0
3489,3489,5.0
3490,3490,5.0
3491,3491,5.0
3492,3492,5.0
3493,3493,None
3494,3494,5.0
3495,3495,5.0
3496,3496,5.0
3497,3497,5.0
3498,3498,5.0
3499,3499,5.0
3500,3500,5.0
3501,3501,5.0
3502,3502,5.0
3503,3503,5.0
3504,3504,5.0
3505,3505,5.0
3506,3506,5.0
3507,3507,5.0
3508,3508,5.0
3509,3509,5.0
3510,3510,5.0
3511,3511,5.0
3512,3512,5.0
3513,3513,5.0
3514,3514,5.0
3515,3515,5.0
3516,3516,5.0
3517,3517,5.0
3518,3518,5.0
3519,3519,5.0
3520,3520,5.0
3521,3521,5.0
3522,3522,5.0
3523,3523,5.0
3524,3524,5.0
3525,3525,5.0
3526,3526,None
3527,3527,None
3528,3528,5.0
3529,3529,None
3530,3530,5.0
3531,3531,None
3532,3532,5.0
3533,3533,None
3534,3534,None
3535,3535,None
3536,3536,None
3537,3537,None
3538,3538,None
3539,3539,None
3540,3540,5.0
3541,3541,5.0
3542,3542,5.0
3543,3543,5.0
3544,3544,None
3545,3545,5.0
3546,3546,5.0
3547,3547,5.0
3548,3548,5.0
3549,3549,5.0
3550,3550,5.0
3551,3551,5.0
3552,3552,5.0
3553,3553,5.0
3554,3554,5.0
3555,3555,5.0
3556,3556,5.0
3557,3557,5.0
3558,3558,5.0
3559,3559,None
3560,3560,None
3561,3561,None
3562,3562,None
3563,3563,None
3564,3564,None
3565,3565,None
3566,3566,None
3567,3567,None
3568,3568,None
3569,3569,None
3570,3570,None
3571,3571,None
3572,3572,None
3573,3573,None
3574,3574,None
3575,3575,None
3576,3576,None
3577,3577,None
3578,3578,5.0
3579,3579,None
3580,3580,5.0
3581,3581,5.0
3582,3582,5.0
3583,3583,None
3584,3584,5.0
3585,3585,None
3586,3586,5.0
3587,3587,5.0
3588,3588,5.0
3589,3589,5.0
3590,3590,5.0
3591,3591,5.0
3592,3592,5.0
3593,3593,5.0
3594,3594,5.0
3595,3595,5.0
3596,3596,5.0
3597,3597,5.0
3598,3598,5.0
3599,3599,5.0
3600,3600,5.0
3601,3601,5.0
3602,3602,5.0
3603,3603,5.0
3604,3604,5.0
3605,3605,5.0
3606,3606,5.0
3607,3607,5.0
3608,3608,5.0
3609,3609,5.0
3610,3610,5.0
3611,3611,5.0
3612,3612,5.0
3613,3613,5.0
3614,3614,5.0
3615,3615,5.0
3616,3616,5.0
3617,3617,None
3618,3618,5.0
3619,3619,5.0
3620,3620,5.0
3621,3621,5.0
3622,3622,5.0
3623,3623,5.0
3624,3624,5.0
3625,3625,5.0
3626,3626,5.0
3627,3627,5.0
3628,3628,5.0
3629,3629,5.0
3630,3630,5.0
3631,3631,None
3632,3632,5.0
3633,3633,5.0
3634,3634,5.0
3635,3635,None
3636,3636,None
3637,3637,None
3638,3638,None
3639,3639,None
3640,3640,None
3641,3641,None
3642,3642,None
3643,3643,None
3644,3644,None
3645,3645,None
3646,3646,None
3647,3647,None
3648,3648,None
3649,3649,None
3650,3650,None
3651,3651,None
3652,3652,5.0
3653,3653,5.0
3654,3654,None
3655,3655,None
3656,3656,5.0
3657,3657,5.0
3658,3658,5.0
3659,3659,5.0
3660,3660,5.0
3661,3661,5.0
3662,3662,5.0
3663,3663,5.0
3664,3664,5.0
3665,3665,5.0
3666,3666,5.0
3667,3667,5.0
3668,3668,5.0
3669,3669,5.0
3670,3670,5.0
3671,3671,5.0
3672,3672,None
3673,3673,5.0
3674,3674,None
3675,3675,5.0
3676,3676,None
3677,3677,5.0
3678,3678,5.0
3679,3679,5.0
3680,3680,5.0
3681,3681,5.0
3682,3682,5.0
3683,3683,5.0
3684,3684,5.0
3685,3685,5.0
3686,3686,5.0
3687,3687,5.0
3688,3688,5.0
3689,3689,5.0
3690,3690,None
3691,3691,5.0
3692,3692,5.0
3693,3693,5.0
3694,3694,5.0
3695,3695,5.0
3696,3696,5.0
3697,3697,5.0
3698,3698,5.0
3699,3699,5.0
3700,3700,5.0
3701,3701,5.0
3702,3702,5.0
3703,3703,5.0
3704,3704,5.0
3705,3705,5.0
3706,3706,5.0
3707,3707,5.0
3708,3708,5.0
3709,3709,5.0
3710,3710,5.0
3711,3711,5.0
3712,3712,5.0
3713,3713,5.0
3714,3714,5.0
3715,3715,5.0
3716,3716,5.0
3717,3717,5.0
3718,3718,5.0
3719,3719,5.0
3720,3720,5.0
3721,3721,5.0
3722,3722,5.0
3723,3723,5.0
3724,3724,5.0
3725,3725,5.0
3726,3726,5.0
3727,3727,5.0
3728,3728,5.0
3729,3729,5.0
3730,3730,5.0
3731,3731,5.0
3732,3732,5.0
3733,3733,5.0
3734,3734,5.0
3735,3735,5.0
3736,3736,5.0
3737,3737,5.0
3738,3738,5.0
3739,3739,5.0
3740,3740,5.0
3741,3741,5.0
3742,3742,5.0
3743,3743,5.0
3744,3744,5.0
3745,3745,5.0
3746,3746,5.0
3747,3747,5.0
3748,3748,5.0
3749,3749,5.0
3750,3750,5.0
3751,3751,5.0
3752,3752,5.0
3753,3753,5.0
3754,3754,5.0
3755,3755,5.0
3756,3756,5.0
3757,3757,5.0
3758,3758,5.0
3759,3759,5.0
3760,3760,None
3761,3761,None
3762,3762,None
3763,3763,5.0
3764,3764,5.0
3765,3765,5.0
3766,3766,5.0
3767,3767,None
3768,3768,5.0
3769,3769,None
3770,3770,None
3771,3771,5.0
3772,3772,5.0
3773,3773,5.0
3774,3774,5.0
3775,3775,None
3776,3776,5.0
3777,3777,5.0
3778,3778,5.0
3779,3779,None
3780,3780,None
3781,3781,None
3782,3782,None
3783,3783,None
3784,3784,5.0
3785,3785,5.0
3786,3786,5.0
3787,3787,5.0
3788,3788,5.0
3789,3789,None
3790,3790,None
3791,3791,None
3792,3792,None
3793,3793,None
3794,3794,None
3795,3795,5.0
3796,3796,5.0
3797,3797,5.0
3798,3798,5.0
3799,3799,5.0
3800,3800,None
3801,3801,None
3802,3802,5.0
3803,3803,None
3804,3804,5.0
3805,3805,None
3806,3806,None
3807,3807,None
3808,3808,None
3809,3809,5.0
3810,3810,5.0
3811,3811,5.0
3812,3812,5.0
3813,3813,5.0
3814,3814,5.0
3815,3815,None
3816,3816,5.0
3817,3817,None
3818,3818,5.0
3819,3819,5.0
3820,3820,5.0
3821,3821,5.0
3822,3822,5.0
3823,3823,5.0
3824,3824,5.0
3825,3825,None
3826,3826,None
3827,3827,None
3828,3828,None
3829,3829,None
3830,3830,None
3831,3831,None
3832,3832,None
3833,3833,None
3834,3834,None
3835,3835,None
3836,3836,None
3837,3837,None
3838,3838,None
3839,3839,None
3840,3840,None
3841,3841,None
3842,3842,None
3843,3843,None
3844,3844,None
3845,3845,None
3846,3846,None
3847,3847,None
3848,3848,None
3849,3849,None
3850,3850,None
3851,3851,None
3852,3852,None
3853,3853,None
3854,3854,None
3855,3855,None
3856,3856,None
3857,3857,None
3858,3858,None
3859,3859,None
3860,3860,None
3861,3861,None
3862,3862,None
3863,3863,None
3864,3864,None
3865,3865,None
3866,3866,None
3867,3867,None
3868,3868,None
3869,3869,None
3870,3870,None
3871,3871,None
3872,3872,None
3873,3873,None
3874,3874,None
3875,3875,None
3876,3876,None
3877,3877,None
3878,3878,None
3879,3879,None
3880,3880,None
3881,3881,None
3882,3882,None
3883,3883,None
3884,3884,None
3885,3885,None
3886,3886,None
3887,3887,None
3888,3888,None
3889,3889,None
3890,3890,None
3891,3891,None
3892,3892,None
3893,3893,None
3894,3894,None
3895,3895,None
3896,3896,None
3897,3897,None
3898,3898,None
3899,3899,None
3900,3900,None
3901,3901,None
3902,3902,None
3903,3903,None
3904,3904,None
3905,3905,None
3906,3906,None
3907,3907,None
3908,3908,None
3909,3909,None
3910,3910,None
3911,3911,None
3912,3912,None
3913,3913,None
3914,3914,None
3915,3915,None
3916,3916,None
3917,3917,None
3918,3918,None
3919,3919,None
3920,3920,None
3921,3921,None
3922,3922,None
3923,3923,5.0
3924,3924,None
3925,3925,5.0
3926,3926,5.0
3927,3927,5.0
3928,3928,5.0
3929,3929,5.0
3930,3930,5.0
3931,3931,5.0
3932,3932,5.0
3933,3933,5.0
3934,3934,5.0
3935,3935,5.0
3936,3936,5.0
3937,3937,5.0
3938,3938,5.0
3939,3939,5.0
3940,3940,5.0
3941,3941,5.0
3942,3942,5.0
3943,3943,5.0
3944,3944,5.0
3945,3945,5.0
3946,3946,5.0
3947,3947,None
3948,3948,5.0
3949,3949,5.0
3950,3950,5.0
3951,3951,5.0
3952,3952,5.0
3953,3953,5.0
3954,3954,5.0
3955,3955,5.0
3956,3956,5.0
3957,3957,5.0
3958,3958,5.0
3959,3959,5.0
3960,3960,5.0
3961,3961,5.0
3962,3962,5.0
3963,3963,5.0
3964,3964,5.0
3965,3965,5.0
3966,3966,5.0
3967,3967,5.0
3968,3968,None
3969,3969,None
3970,3970,5.0
3971,3971,5.0
3972,3972,None
3973,3973,None
3974,3974,None
3975,3975,None
3976,3976,None
3977,3977,None
3978,3978,5.0
3979,3979,None
3980,3980,5.0
3981,3981,5.0
3982,3982,None
3983,3983,5.0
3984,3984,5.0
3985,3985,5.0
3986,3986,5.0
3987,3987,None
3988,3988,None
3989,3989,5.0
3990,3990,5.0
3991,3991,None
3992,3992,None
3993,3993,None
3994,3994,5.0
3995,3995,5.0
3996,3996,None
3997,3997,None
3998,3998,None
3999,3999,None
4000,4000,5.0
4001,4001,5.0
4002,4002,None
4003,4003,None
4004,4004,None
4005,4005,None
4006,4006,None
4007,4007,None
4008,4008,None
4009,4009,None
4010,4010,5.0
4011,4011,5.0
4012,4012,5.0
4013,4013,5.0
4014,4014,5.0
4015,4015,5.0
4016,4016,5.0
4017,4017,5.0
4018,4018,5.0
4019,4019,5.0
4020,4020,5.0
4021,4021,5.0
4022,4022,5.0
4023,4023,5.0
4024,4024,5.0
4025,4025,5.0
4026,4026,None
4027,4027,5.0
4028,4028,5.0
4029,4029,5.0
4030,4030,5.0
4031,4031,None
4032,4032,5.0
4033,4033,5.0
4034,4034,5.0
4035,4035,5.0
4036,4036,5.0
4037,4037,5.0
4038,4038,5.0
4039,4039,None
4040,4040,5.0
4041,4041,5.0
4042,4042,5.0
4043,4043,5.0
4044,4044,5.0
4045,4045,5.0
4046,4046,5.0
4047,4047,5.0
4048,4048,5.0
4049,4049,5.0
4050,4050,5.0
4051,4051,5.0
4052,4052,5.0
4053,4053,None
4054,4054,5.0
4055,4055,5.0
4056,4056,5.0
4057,4057,5.0
4058,4058,5.0
4059,4059,5.0
4060,4060,5.0
4061,4061,5.0
4062,4062,5.0
4063,4063,5.0
4064,4064,5.0
4065,4065,5.0
4066,4066,5.0
4067,4067,5.0
4068,4068,5.0
4069,4069,5.0
4070,4070,5.0
4071,4071,5.0
4072,4072,5.0
4073,4073,5.0
4074,4074,5.0
4075,4075,5.0
4076,4076,5.0
4077,4077,5.0
4078,4078,5.0
4079,4079,5.0
4080,4080,5.0
4081,4081,5.0
4082,4082,5.0
4083,4083,5.0
4084,4084,5.0
4085,4085,5.0
4086,4086,5.0
4087,4087,5.0
4088,4088,5.0
4089,4089,5.0
4090,4090,5.0
4091,4091,5.0
4092,4092,5.0
4093,4093,5.0
4094,4094,5.0
4095,4095,5.0
4096,4096,5.0
4097,4097,5.0
4098,4098,5.0
4099,4099,5.0
4100,4100,5.0
4101,4101,5.0
4102,4102,5.0
4103,4103,5.0
4104,4104,5.0
4105,4105,5.0
4106,4106,5.0
4107,4107,5.0
4108,4108,5.0
4109,4109,5.0
4110,4110,5.0
4111,4111,5.0
4112,4112,5.0
4113,4113,5.0
4114,4114,5.0
4115,4115,5.0
4116,4116,5.0
4117,4117,5.0
4118,4118,5.0
4119,4119,5.0
4120,4120,5.0
4121,4121,5.0
4122,4122,5.0
4123,4123,5.0
4124,4124,5.0
4125,4125,5.0
4126,4126,5.0
4127,4127,5.0
4128,4128,5.0
4129,4129,5.0
4130,4130,5.0
4131,4131,5.0
4132,4132,None
4133,4133,5.0
4134,4134,5.0
4135,4135,5.0
4136,4136,5.0
4137,4137,5.0
4138,4138,5.0
4139,4139,5.0
4140,4140,5.0
4141,4141,5.0
4142,4142,None
4143,4143,None
4144,4144,None
4145,4145,None
4146,4146,5.0
4147,4147,5.0
4148,4148,5.0
4149,4149,5.0
4150,4150,5.0
4151,4151,5.0
4152,4152,5.0
4153,4153,5.0
4154,4154,5.0
4155,4155,5.0
4156,4156,None
4157,4157,5.0
4158,4158,5.0
4159,4159,5.0
4160,4160,5.0
4161,4161,5.0
4162,4162,5.0
4163,4163,5.0
4164,4164,5.0
4165,4165,5.0
4166,4166,5.0
4167,4167,5.0
4168,4168,5.0
4169,4169,5.0
4170,4170,5.0
4171,4171,5.0
4172,4172,5.0
4173,4173,5.0
4174,4174,5.0
4175,4175,5.0
4176,4176,5.0
4177,4177,5.0
4178,4178,5.0
4179,4179,5.0
4180,4180,5.0
4181,4181,5.0
4182,4182,5.0
4183,4183,5.0
4184,4184,5.0
4185,4185,5.0
4186,4186,5.0
4187,4187,5.0
4188,4188,5.0
4189,4189,5.0
4190,4190,5.0
4191,4191,5.0
4192,4192,5.0
4193,4193,5.0
4194,4194,5.0
4195,4195,5.0
4196,4196,5.0
4197,4197,5.0
4198,4198,5.0
4199,4199,5.0
4200,4200,5.0
4201,4201,5.0
4202,4202,5.0
4203,4203,5.0
4204,4204,5.0
4205,4205,5.0
4206,4206,5.0
4207,4207,5.0
4208,4208,5.0
4209,4209,5.0
4210,4210,5.0
4211,4211,5.0
4212,4212,5.0
4213,4213,5.0
4214,4214,5.0
4215,4215,5.0
4216,4216,5.0
4217,4217,5.0
4218,4218,5.0
4219,4219,5.0
4220,4220,5.0
4221,4221,5.0
4222,4222,5.0
4223,4223,5.0
4224,4224,5.0
4225,4225,5.0
4226,4226,5.0
4227,4227,5.0
4228,4228,5.0
4229,4229,5.0
4230,4230,5.0
4231,4231,5.0
4232,4232,5.0
4233,4233,5.0
4234,4234,5.0
4235,4235,5.0
4236,4236,5.0
4237,4237,5.0
4238,4238,5.0
4239,4239,5.0
4240,4240,5.0
4241,4241,5.0
4242,4242,5.0
4243,4243,5.0
4244,4244,5.0
4245,4245,5.0
4246,4246,5.0
4247,4247,5.0
4248,4248,5.0
4249,4249,5.0
4250,4250,5.0
4251,4251,5.0
4252,4252,5.0
4253,4253,5.0
4254,4254,5.0
4255,4255,None
4256,4256,None
4257,4257,5.0
4258,4258,5.0
4259,4259,5.0
4260,4260,5.0
4261,4261,5.0
4262,4262,5.0
4263,4263,5.0
4264,4264,5.0
4265,4265,5.0
4266,4266,5.0
4267,4267,5.0
4268,4268,5.0
4269,4269,5.0
4270,4270,5.0
4271,4271,5.0
4272,4272,5.0
4273,4273,5.0
4274,4274,5.0
4275,4275,5.0
4276,4276,5.0
4277,4277,5.0
4278,4278,5.0
4279,4279,5.0
4280,4280,5.0
4281,4281,5.0
4282,4282,5.0
4283,4283,5.0
4284,4284,5.0
4285,4285,5.0
4286,4286,5.0
4287,4287,5.0
4288,4288,5.0
4289,4289,5.0
4290,4290,5.0
4291,4291,5.0
4292,4292,5.0
4293,4293,5.0
4294,4294,5.0
4295,4295,5.0
4296,4296,5.0
4297,4297,5.0
4298,4298,5.0
4299,4299,5.0
4300,4300,5.0
4301,4301,5.0
4302,4302,5.0
4303,4303,5.0
4304,4304,5.0
4305,4305,5.0
4306,4306,5.0
4307,4307,5.0
4308,4308,5.0
4309,4309,5.0
4310,4310,5.0
4311,4311,5.0
4312,4312,5.0
4313,4313,5.0
4314,4314,5.0
4315,4315,5.0
4316,4316,5.0
4317,4317,5.0
4318,4318,5.0
4319,4319,None
4320,4320,5.0
4321,4321,5.0
4322,4322,5.0
4323,4323,5.0
4324,4324,5.0
4325,4325,5.0
4326,4326,None
4327,4327,5.0
4328,4328,5.0
4329,4329,5.0
4330,4330,5.0
4331,4331,5.0
4332,4332,5.0
4333,4333,5.0
4334,4334,5.0
4335,4335,5.0
4336,4336,5.0
4337,4337,5.0
4338,4338,5.0
4339,4339,5.0
4340,4340,5.0
4341,4341,5.0
4342,4342,5.0
4343,4343,5.0
4344,4344,5.0
4345,4345,5.0
4346,4346,5.0
4347,4347,5.0
4348,4348,5.0
4349,4349,5.0
4350,4350,5.0
4351,4351,5.0
4352,4352,5.0
4353,4353,5.0
4354,4354,1.0
4355,4355,5.0
4356,4356,5.0
4357,4357,5.0
4358,4358,5.0
4359,4359,5.0
4360,4360,5.0
4361,4361,5.0
4362,4362,5.0
4363,4363,5.0
4364,4364,5.0
4365,4365,5.0
4366,4366,5.0
4367,4367,5.0
4368,4368,5.0
4369,4369,None
4370,4370,None
4371,4371,None
4372,4372,5.0
4373,4373,None
4374,4374,5.0
4375,4375,5.0
4376,4376,5.0
4377,4377,5.0
4378,4378,5.0
4379,4379,5.0
4380,4380,5.0
4381,4381,5.0
4382,4382,5.0
4383,4383,5.0
4384,4384,5.0
4385,4385,5.0
4386,4386,5.0
4387,4387,5.0
4388,4388,5.0
4389,4389,5.0
4390,4390,5.0
4391,4391,5.0
4392,4392,5.0
4393,4393,5.0
4394,4394,5.0
4395,4395,5.0
4396,4396,5.0
4397,4397,5.0
4398,4398,5.0
4399,4399,None
4400,4400,None
4401,4401,None
4402,4402,None
4403,4403,None
4404,4404,None
4405,4405,None
4406,4406,None
4407,4407,None
4408,4408,None
4409,4409,None
4410,4410,None
4411,4411,None
4412,4412,None
4413,4413,None
4414,4414,None
4415,4415,None
4416,4416,None
4417,4417,None
4418,4418,None
4419,4419,None
4420,4420,None
4421,4421,None
4422,4422,None
4423,4423,None
4424,4424,None
4425,4425,None
4426,4426,None
4427,4427,None
4428,4428,None
4429,4429,None
4430,4430,None
4431,4431,None
4432,4432,None
4433,4433,None
4434,4434,None
4435,4435,None
4436,4436,5.0
4437,4437,5.0
4438,4438,5.0
4439,4439,5.0
4440,4440,None
4441,4441,5.0
4442,4442,5.0
4443,4443,5.0
4444,4444,5.0
4445,4445,5.0
4446,4446,5.0
4447,4447,5.0
4448,4448,5.0
4449,4449,5.0
4450,4450,5.0
4451,4451,5.0
4452,4452,5.0
4453,4453,5.0
4454,4454,5.0
4455,4455,5.0
4456,4456,5.0
4457,4457,5.0
4458,4458,5.0
4459,4459,5.0
4460,4460,5.0
4461,4461,5.0
4462,4462,5.0
4463,4463,5.0
4464,4464,5.0
4465,4465,5.0
4466,4466,5.0
4467,4467,5.0
4468,4468,5.0
4469,4469,5.0
4470,4470,5.0
4471,4471,5.0
4472,4472,5.0
4473,4473,5.0
4474,4474,5.0
4475,4475,5.0
4476,4476,5.0
4477,4477,5.0
4478,4478,5.0
4479,4479,5.0
4480,4480,5.0
4481,4481,5.0
4482,4482,5.0
4483,4483,5.0
4484,4484,5.0
4485,4485,5.0
4486,4486,5.0
4487,4487,5.0
4488,4488,5.0
4489,4489,5.0
4490,4490,5.0
4491,4491,5.0
4492,4492,5.0
4493,4493,5.0
4494,4494,5.0
4495,4495,5.0
4496,4496,5.0
4497,4497,5.0
4498,4498,5.0
4499,4499,5.0
4500,4500,5.0
4501,4501,5.0
4502,4502,5.0
4503,4503,5.0
4504,4504,5.0
4505,4505,5.0
4506,4506,5.0
4507,4507,5.0
4508,4508,5.0
4509,4509,5.0
4510,4510,5.0
4511,4511,5.0
4512,4512,5.0
4513,4513,5.0
4514,4514,5.0
4515,4515,5.0
4516,4516,5.0
4517,4517,5.0
4518,4518,5.0
4519,4519,5.0
4520,4520,5.0
4521,4521,5.0
4522,4522,5.0
4523,4523,5.0
4524,4524,5.0
4525,4525,5.0
4526,4526,5.0
4527,4527,5.0
4528,4528,5.0
4529,4529,5.0
4530,4530,5.0
4531,4531,5.0
4532,4532,5.0
4533,4533,5.0
4534,4534,5.0
4535,4535,5.0
4536,4536,5.0
4537,4537,5.0
4538,4538,5.0
4539,4539,5.0
4540,4540,5.0
4541,4541,5.0
4542,4542,5.0
4543,4543,5.0
4544,4544,5.0
4545,4545,5.0
4546,4546,5.0
4547,4547,5.0
4548,4548,5.0
4549,4549,5.0
4550,4550,5.0
4551,4551,5.0
4552,4552,5.0
4553,4553,5.0
4554,4554,5.0
4555,4555,5.0
4556,4556,5.0
4557,4557,5.0
4558,4558,5.0
4559,4559,5.0
4560,4560,5.0
4561,4561,5.0
4562,4562,5.0
4563,4563,5.0
4564,4564,5.0
4565,4565,5.0
4566,4566,5.0
4567,4567,5.0
4568,4568,5.0
4569,4569,5.0
4570,4570,5.0
4571,4571,5.0
4572,4572,5.0
4573,4573,5.0
4574,4574,None
4575,4575,None
4576,4576,None
4577,4577,None
4578,4578,None
4579,4579,None
4580,4580,None
4581,4581,None
4582,4582,None
4583,4583,None
4584,4584,None
4585,4585,None
4586,4586,5.0
4587,4587,5.0
4588,4588,5.0
4589,4589,5.0
4590,4590,5.0
4591,4591,5.0
4592,4592,5.0
4593,4593,5.0
4594,4594,5.0
4595,4595,5.0
4596,4596,5.0
4597,4597,5.0
4598,4598,5.0
4599,4599,None
4600,4600,None
4601,4601,None
4602,4602,5.0
4603,4603,None
4604,4604,None
4605,4605,None
4606,4606,5.0
4607,4607,None
4608,4608,5.0
4609,4609,None
4610,4610,None
4611,4611,5.0
4612,4612,5.0
4613,4613,5.0
4614,4614,5.0
4615,4615,5.0
4616,4616,5.0
4617,4617,5.0
4618,4618,5.0
4619,4619,5.0
4620,4620,5.0
4621,4621,5.0
4622,4622,5.0
4623,4623,5.0
4624,4624,5.0
4625,4625,5.0
4626,4626,5.0
4627,4627,5.0
4628,4628,5.0
4629,4629,5.0
4630,4630,5.0
4631,4631,5.0
4632,4632,5.0
4633,4633,5.0
4634,4634,5.0
4635,4635,None
4636,4636,None
4637,4637,None
4638,4638,None
4639,4639,None
4640,4640,None
4641,4641,None
4642,4642,None
4643,4643,None
4644,4644,None
4645,4645,None
4646,4646,None
4647,4647,None
4648,4648,None
4649,4649,None
4650,4650,None
4651,4651,None
4652,4652,None
4653,4653,None
4654,4654,None
4655,4655,None
4656,4656,None
4657,4657,None
4658,4658,None
4659,4659,None
4660,4660,None
4661,4661,None
4662,4662,None
4663,4663,None
4664,4664,None
4665,4665,None
4666,4666,None
4667,4667,5.0
4668,4668,None
4669,4669,None
4670,4670,None
4671,4671,5.0
4672,4672,None
4673,4673,5.0
4674,4674,None
4675,4675,5.0
4676,4676,None
4677,4677,5.0
4678,4678,5.0
4679,4679,5.0
4680,4680,5.0
4681,4681,5.0
4682,4682,None
4683,4683,5.0
4684,4684,None
4685,4685,5.0
4686,4686,5.0
4687,4687,None
4688,4688,5.0
4689,4689,5.0
4690,4690,5.0
4691,4691,5.0
4692,4692,5.0
4693,4693,5.0
4694,4694,5.0
4695,4695,5.0
4696,4696,5.0
4697,4697,5.0
4698,4698,5.0
4699,4699,5.0
4700,4700,5.0
4701,4701,5.0
4702,4702,5.0
4703,4703,5.0
4704,4704,5.0
4705,4705,5.0
4706,4706,5.0
4707,4707,5.0
4708,4708,5.0
4709,4709,5.0
4710,4710,5.0
4711,4711,5.0
4712,4712,5.0
4713,4713,5.0
4714,4714,5.0
4715,4715,5.0
4716,4716,5.0
4717,4717,5.0
4718,4718,5.0
4719,4719,5.0
4720,4720,5.0
4721,4721,5.0
4722,4722,5.0
4723,4723,5.0
4724,4724,5.0
4725,4725,5.0
4726,4726,5.0
4727,4727,5.0
4728,4728,5.0
4729,4729,5.0
4730,4730,5.0
4731,4731,5.0
4732,4732,5.0
4733,4733,5.0
4734,4734,5.0
4735,4735,5.0
4736,4736,None
4737,4737,5.0
4738,4738,5.0
4739,4739,5.0
4740,4740,5.0
4741,4741,5.0
4742,4742,5.0
4743,4743,5.0
4744,4744,5.0
4745,4745,5.0
4746,4746,5.0
4747,4747,5.0
4748,4748,5.0
4749,4749,5.0
4750,4750,5.0
4751,4751,5.0
4752,4752,5.0
4753,4753,5.0
4754,4754,5.0
4755,4755,5.0
4756,4756,5.0
4757,4757,5.0
4758,4758,None
4759,4759,5.0
4760,4760,None
4761,4761,5.0
4762,4762,5.0
4763,4763,None
4764,4764,5.0
4765,4765,5.0
4766,4766,5.0
4767,4767,5.0
4768,4768,5.0
4769,4769,5.0
4770,4770,5.0
4771,4771,5.0
4772,4772,5.0
4773,4773,5.0
4774,4774,5.0
4775,4775,5.0
4776,4776,5.0
4777,4777,5.0
4778,4778,5.0
4779,4779,5.0
4780,4780,None
4781,4781,5.0
4782,4782,5.0
4783,4783,5.0
4784,4784,5.0
4785,4785,5.0
4786,4786,5.0
4787,4787,5.0
4788,4788,5.0
4789,4789,5.0
4790,4790,5.0
4791,4791,5.0
4792,4792,5.0
4793,4793,5.0
4794,4794,5.0
4795,4795,5.0
4796,4796,5.0
4797,4797,5.0
4798,4798,5.0
4799,4799,5.0
4800,4800,5.0
4801,4801,5.0
4802,4802,5.0
4803,4803,5.0
4804,4804,5.0
4805,4805,5.0
4806,4806,5.0
4807,4807,5.0
4808,4808,5.0
4809,4809,5.0
4810,4810,5.0
4811,4811,5.0
4812,4812,5.0
4813,4813,5.0
4814,4814,5.0
4815,4815,5.0
4816,4816,5.0
4817,4817,5.0
4818,4818,5.0
4819,4819,5.0
4820,4820,5.0
4821,4821,5.0
4822,4822,5.0
4823,4823,5.0
4824,4824,5.0
4825,4825,5.0
4826,4826,5.0
4827,4827,5.0
4828,4828,5.0
4829,4829,5.0
4830,4830,5.0
4831,4831,5.0
4832,4832,5.0
4833,4833,5.0
4834,4834,5.0
4835,4835,5.0
4836,4836,5.0
4837,4837,5.0
4838,4838,5.0
4839,4839,5.0
4840,4840,5.0
4841,4841,5.0
4842,4842,5.0
4843,4843,5.0
4844,4844,5.0
4845,4845,5.0
4846,4846,5.0
4847,4847,5.0
4848,4848,5.0
4849,4849,5.0
4850,4850,5.0
4851,4851,5.0
4852,4852,5.0
4853,4853,5.0
4854,4854,5.0
4855,4855,5.0
4856,4856,5.0
4857,4857,5.0
4858,4858,5.0
4859,4859,5.0
4860,4860,5.0
4861,4861,5.0
4862,4862,5.0
4863,4863,5.0
4864,4864,5.0
4865,4865,5.0
4866,4866,5.0
4867,4867,5.0
4868,4868,5.0
4869,4869,5.0
4870,4870,5.0
4871,4871,5.0
4872,4872,5.0
4873,4873,5.0
4874,4874,5.0
4875,4875,5.0
4876,4876,5.0
4877,4877,5.0
4878,4878,5.0
4879,4879,5.0
4880,4880,5.0
4881,4881,5.0
4882,4882,5.0
4883,4883,5.0
4884,4884,5.0
4885,4885,5.0
4886,4886,5.0
4887,4887,5.0
4888,4888,5.0
4889,4889,5.0
4890,4890,5.0
4891,4891,5.0
4892,4892,5.0
4893,4893,5.0
4894,4894,5.0
4895,4895,5.0
4896,4896,5.0
4897,4897,5.0
4898,4898,5.0
4899,4899,5.0
4900,4900,5.0
4901,4901,5.0
4902,4902,5.0
4903,4903,5.0
4904,4904,5.0
4905,4905,5.0
4906,4906,5.0
4907,4907,5.0
4908,4908,5.0
4909,4909,5.0
4910,4910,5.0
4911,4911,5.0
4912,4912,5.0
4913,4913,5.0
4914,4914,5.0
4915,4915,5.0
4916,4916,5.0
4917,4917,5.0
4918,4918,5.0
4919,4919,5.0
4920,4920,5.0
4921,4921,5.0
4922,4922,5.0
4923,4923,5.0
4924,4924,5.0
4925,4925,5.0
4926,4926,5.0
4927,4927,5.0
4928,4928,5.0
4929,4929,5.0
4930,4930,5.0
4931,4931,5.0
4932,4932,5.0
4933,4933,5.0
4934,4934,5.0
4935,4935,5.0
4936,4936,5.0
4937,4937,5.0
4938,4938,5.0
4939,4939,5.0
4940,4940,5.0
4941,4941,5.0
4942,4942,5.0
4943,4943,5.0
4944,4944,5.0
4945,4945,5.0
4946,4946,5.0
4947,4947,5.0
4948,4948,None
4949,4949,None
4950,4950,5.0
4951,4951,5.0
4952,4952,5.0
4953,4953,5.0
4954,4954,5.0
4955,4955,5.0
4956,4956,5.0
4957,4957,5.0
4958,4958,5.0
4959,4959,5.0
4960,4960,5.0
4961,4961,5.0
4962,4962,5.0
4963,4963,5.0
4964,4964,5.0
4965,4965,5.0
4966,4966,5.0
4967,4967,5.0
4968,4968,5.0
4969,4969,5.0
4970,4970,5.0
4971,4971,5.0
4972,4972,5.0
4973,4973,5.0
4974,4974,5.0
4975,4975,5.0
4976,4976,5.0
4977,4977,5.0
4978,4978,5.0
4979,4979,5.0
4980,4980,5.0
4981,4981,5.0
4982,4982,5.0
4983,4983,5.0
4984,4984,5.0
4985,4985,5.0
4986,4986,5.0
4987,4987,5.0
4988,4988,5.0
4989,4989,5.0
4990,4990,5.0
4991,4991,5.0
4992,4992,5.0
4993,4993,5.0
4994,4994,5.0
4995,4995,5.0
4996,4996,5.0
4997,4997,5.0
4998,4998,5.0
4999,4999,5.0
5000,5000,5.0
5001,5001,5.0
5002,5002,5.0
5003,5003,5.0
5004,5004,5.0
5005,5005,5.0
5006,5006,5.0
5007,5007,5.0
5008,5008,5.0
5009,5009,5.0
5010,5010,5.0
5011,5011,5.0
5012,5012,5.0
5013,5013,5.0
5014,5014,5.0
5015,5015,5.0
5016,5016,5.0
5017,5017,5.0
5018,5018,5.0
5019,5019,5.0
5020,5020,5.0
5021,5021,5.0
5022,5022,5.0
5023,5023,5.0
5024,5024,5.0
5025,5025,5.0
5026,5026,5.0
5027,5027,5.0
5028,5028,5.0
5029,5029,5.0
5030,5030,5.0
5031,5031,5.0
5032,5032,5.0
5033,5033,5.0
5034,5034,5.0
5035,5035,5.0
5036,5036,5.0
5037,5037,5.0
5038,5038,5.0
5039,5039,5.0
5040,5040,5.0
5041,5041,5.0
5042,5042,5.0
5043,5043,5.0
5044,5044,5.0
5045,5045,5.0
5046,5046,5.0
5047,5047,5.0
5048,5048,5.0
5049,5049,5.0
5050,5050,None
5051,5051,None
5052,5052,None
5053,5053,None
5054,5054,None
5055,5055,5.0
5056,5056,5.0
5057,5057,None
5058,5058,None
5059,5059,5.0
5060,5060,5.0
5061,5061,5.0
5062,5062,5.0
5063,5063,5.0
5064,5064,5.0
5065,5065,5.0
5066,5066,5.0
5067,5067,5.0
5068,5068,5.0
5069,5069,5.0
5070,5070,5.0
5071,5071,5.0
5072,5072,5.0
5073,5073,5.0
5074,5074,5.0
5075,5075,5.0
5076,5076,5.0
5077,5077,5.0
5078,5078,5.0
5079,5079,5.0
5080,5080,5.0
5081,5081,5.0
5082,5082,5.0
5083,5083,5.0
5084,5084,5.0
5085,5085,5.0
5086,5086,5.0
5087,5087,5.0
5088,5088,5.0
5089,5089,5.0
5090,5090,5.0
5091,5091,5.0
5092,5092,5.0
5093,5093,5.0
5094,5094,5.0
5095,5095,5.0
5096,5096,5.0
5097,5097,5.0
5098,5098,5.0
5099,5099,5.0
5100,5100,5.0
5101,5101,5.0
5102,5102,5.0
5103,5103,5.0
5104,5104,5.0
5105,5105,5.0
5106,5106,5.0
5107,5107,5.0
5108,5108,5.0
5109,5109,5.0
5110,5110,5.0
5111,5111,5.0
5112,5112,5.0
5113,5113,5.0
5114,5114,5.0
5115,5115,5.0
5116,5116,5.0
5117,5117,5.0
5118,5118,5.0
5119,5119,None
5120,5120,5.0
5121,5121,5.0
5122,5122,5.0
5123,5123,5.0
5124,5124,5.0
5125,5125,5.0
5126,5126,5.0
5127,5127,5.0
5128,5128,5.0
5129,5129,5.0
5130,5130,5.0
5131,5131,5.0
5132,5132,5.0
5133,5133,5.0
5134,5134,5.0
5135,5135,5.0
5136,5136,None
5137,5137,None
5138,5138,None
5139,5139,None
5140,5140,None
5141,5141,None
5142,5142,None
5143,5143,None
5144,5144,None
5145,5145,None
5146,5146,None
5147,5147,None
5148,5148,None
5149,5149,None
5150,5150,None
5151,5151,None
5152,5152,None
5153,5153,None
5154,5154,None
5155,5155,None
5156,5156,None
5157,5157,None
5158,5158,None
5159,5159,None
5160,5160,None
5161,5161,None
5162,5162,None
5163,5163,None
5164,5164,None
5165,5165,None
5166,5166,None
5167,5167,None
5168,5168,None
5169,5169,None
5170,5170,None
5171,5171,None
5172,5172,None
5173,5173,None
5174,5174,None
5175,5175,5.0
5176,5176,5.0
5177,5177,None
5178,5178,None
5179,5179,None
5180,5180,None
5181,5181,None
5182,5182,None
5183,5183,None
5184,5184,None
5185,5185,5.0
5186,5186,5.0
5187,5187,5.0
5188,5188,5.0
5189,5189,None
5190,5190,5.0
5191,5191,5.0
5192,5192,5.0
5193,5193,5.0
5194,5194,5.0
5195,5195,5.0
5196,5196,5.0
5197,5197,5.0
5198,5198,5.0
5199,5199,5.0
5200,5200,5.0
5201,5201,5.0
5202,5202,None
5203,5203,None
5204,5204,None
5205,5205,None
5206,5206,None
5207,5207,None
5208,5208,None
5209,5209,None
5210,5210,None
5211,5211,None
5212,5212,None
5213,5213,None
5214,5214,None
5215,5215,None
5216,5216,None
5217,5217,None
5218,5218,None
5219,5219,None
5220,5220,None
5221,5221,None
5222,5222,None
5223,5223,None
5224,5224,None
5225,5225,None
5226,5226,None
5227,5227,None
5228,5228,None
5229,5229,None
5230,5230,None
5231,5231,5.0
5232,5232,5.0
5233,5233,5.0
5234,5234,5.0
5235,5235,5.0
5236,5236,5.0
5237,5237,5.0
5238,5238,5.0
5239,5239,5.0
5240,5240,None
5241,5241,None
5242,5242,None
5243,5243,None
5244,5244,None
5245,5245,None
5246,5246,None
5247,5247,None
5248,5248,None
5249,5249,5.0
5250,5250,5.0
5251,5251,5.0
5252,5252,5.0
5253,5253,5.0
5254,5254,None
5255,5255,None
5256,5256,None
5257,5257,None
5258,5258,None
5259,5259,None
5260,5260,None
5261,5261,None
5262,5262,None
5263,5263,None
5264,5264,None
5265,5265,None
5266,5266,None
5267,5267,None
5268,5268,None
5269,5269,None
5270,5270,None
5271,5271,None
5272,5272,None
5273,5273,None
5274,5274,None
5275,5275,5.0
5276,5276,5.0
5277,5277,5.0
5278,5278,5.0
5279,5279,5.0
5280,5280,5.0
5281,5281,5.0
5282,5282,5.0
5283,5283,5.0
5284,5284,5.0
5285,5285,5.0
5286,5286,5.0
5287,5287,None
5288,5288,5.0
5289,5289,5.0
5290,5290,5.0
5291,5291,5.0
5292,5292,5.0
5293,5293,5.0
5294,5294,5.0
5295,5295,5.0
5296,5296,5.0
5297,5297,5.0
5298,5298,5.0
5299,5299,5.0
5300,5300,5.0
5301,5301,5.0
5302,5302,5.0
5303,5303,5.0
5304,5304,5.0
5305,5305,5.0
5306,5306,5.0
5307,5307,5.0
5308,5308,5.0
5309,5309,5.0
5310,5310,5.0
5311,5311,5.0
5312,5312,5.0
5313,5313,5.0
5314,5314,5.0
5315,5315,5.0
5316,5316,5.0
5317,5317,5.0
5318,5318,5.0
5319,5319,5.0
5320,5320,5.0
5321,5321,5.0
5322,5322,5.0
5323,5323,5.0
5324,5324,5.0
5325,5325,5.0
5326,5326,5.0
5327,5327,5.0
5328,5328,5.0
5329,5329,5.0
5330,5330,5.0
5331,5331,5.0
5332,5332,5.0
5333,5333,5.0
5334,5334,5.0
5335,5335,5.0
5336,5336,5.0
5337,5337,5.0
5338,5338,5.0
5339,5339,5.0
5340,5340,5.0
5341,5341,5.0
5342,5342,None
5343,5343,None
5344,5344,None
5345,5345,None
5346,5346,None
5347,5347,None
5348,5348,None
5349,5349,None
5350,5350,None
5351,5351,None
5352,5352,None
5353,5353,None
5354,5354,None
5355,5355,None
5356,5356,None
5357,5357,None
5358,5358,None
5359,5359,None
5360,5360,None
5361,5361,None
5362,5362,None
5363,5363,None
5364,5364,None
5365,5365,None
5366,5366,None
5367,5367,None
5368,5368,5.0
5369,5369,5.0
5370,5370,5.0
5371,5371,5.0
5372,5372,5.0
5373,5373,5.0
5374,5374,5.0
5375,5375,5.0
5376,5376,5.0
5377,5377,5.0
5378,5378,5.0
5379,5379,5.0
5380,5380,None
5381,5381,None
5382,5382,None
5383,5383,5.0
5384,5384,5.0
5385,5385,5.0
5386,5386,5.0
5387,5387,5.0
5388,5388,5.0
5389,5389,5.0
5390,5390,5.0
5391,5391,5.0
5392,5392,5.0
5393,5393,5.0
5394,5394,5.0
5395,5395,5.0
5396,5396,5.0
5397,5397,5.0
5398,5398,5.0
5399,5399,5.0
5400,5400,5.0
5401,5401,5.0
5402,5402,5.0
5403,5403,5.0
5404,5404,5.0
5405,5405,5.0
5406,5406,5.0
5407,5407,5.0
5408,5408,None
5409,5409,5.0
5410,5410,5.0
5411,5411,5.0
5412,5412,5.0
5413,5413,5.0
5414,5414,5.0
5415,5415,5.0
5416,5416,5.0
5417,5417,5.0
5418,5418,5.0
5419,5419,5.0
5420,5420,None
5421,5421,None
5422,5422,None
5423,5423,None
5424,5424,5.0
5425,5425,5.0
5426,5426,5.0
5427,5427,5.0
5428,5428,5.0
5429,5429,5.0
5430,5430,5.0
5431,5431,5.0
5432,5432,5.0
5433,5433,5.0
5434,5434,5.0
5435,5435,5.0
5436,5436,5.0
5437,5437,5.0
5438,5438,5.0
5439,5439,5.0
5440,5440,None
5441,5441,None
5442,5442,None
5443,5443,None
5444,5444,None
5445,5445,None
5446,5446,None
5447,5447,None
5448,5448,None
5449,5449,None
5450,5450,None
5451,5451,5.0
5452,5452,5.0
5453,5453,None
5454,5454,5.0
5455,5455,5.0
5456,5456,5.0
5457,5457,5.0
5458,5458,5.0
5459,5459,5.0
5460,5460,5.0
5461,5461,5.0
5462,5462,5.0
5463,5463,None
5464,5464,5.0
5465,5465,5.0
5466,5466,None
5467,5467,5.0
5468,5468,5.0
5469,5469,5.0
5470,5470,5.0
5471,5471,5.0
5472,5472,5.0
5473,5473,5.0
5474,5474,5.0
5475,5475,5.0
5476,5476,None
5477,5477,None
5478,5478,None
5479,5479,None
5480,5480,None
5481,5481,None
5482,5482,None
5483,5483,None
5484,5484,None
5485,5485,None
5486,5486,None
5487,5487,None
5488,5488,None
5489,5489,None
5490,5490,None
5491,5491,None
5492,5492,None
5493,5493,None
5494,5494,None
5495,5495,None
5496,5496,None
5497,5497,None
5498,5498,None
5499,5499,None
5500,5500,None
5501,5501,5.0
5502,5502,5.0
5503,5503,5.0
5504,5504,5.0
5505,5505,5.0
5506,5506,5.0
5507,5507,5.0
5508,5508,5.0
5509,5509,5.0
5510,5510,5.0
5511,5511,5.0
5512,5512,5.0
5513,5513,5.0
5514,5514,5.0
5515,5515,5.0
5516,5516,5.0
5517,5517,5.0
5518,5518,5.0
5519,5519,5.0
5520,5520,5.0
5521,5521,5.0
5522,5522,5.0
5523,5523,5.0
5524,5524,5.0
5525,5525,5.0
5526,5526,5.0
5527,5527,5.0
5528,5528,5.0
5529,5529,5.0
5530,5530,5.0
5531,5531,5.0
5532,5532,5.0
5533,5533,None
5534,5534,None
5535,5535,None
5536,5536,None
5537,5537,None
5538,5538,None
5539,5539,None
5540,5540,None
5541,5541,5.0
5542,5542,5.0
5543,5543,None
5544,5544,None
5545,5545,None
5546,5546,None
5547,5547,None
5548,5548,None
5549,5549,None
5550,5550,None
5551,5551,None
5552,5552,None
5553,5553,None
5554,5554,None
5555,5555,None
5556,5556,None
5557,5557,5.0
5558,5558,5.0
5559,5559,5.0
5560,5560,None
5561,5561,5.0
5562,5562,None
5563,5563,None
5564,5564,None
5565,5565,None
5566,5566,None
5567,5567,None
5568,5568,None
5569,5569,None
5570,5570,None
5571,5571,None
5572,5572,None
5573,5573,None
5574,5574,None
5575,5575,None
5576,5576,None
5577,5577,5.0
5578,5578,None
5579,5579,None
5580,5580,None
5581,5581,None
5582,5582,None
5583,5583,None
5584,5584,None
5585,5585,5.0
5586,5586,5.0
5587,5587,None
5588,5588,5.0
5589,5589,5.0
5590,5590,5.0
5591,5591,5.0
5592,5592,5.0
5593,5593,5.0
5594,5594,5.0
5595,5595,5.0
5596,5596,5.0
5597,5597,5.0
5598,5598,5.0
5599,5599,5.0
5600,5600,5.0
5601,5601,5.0
5602,5602,None
5603,5603,5.0
5604,5604,5.0
5605,5605,5.0
5606,5606,5.0
5607,5607,5.0
5608,5608,None
5609,5609,None
5610,5610,None
5611,5611,None
5612,5612,None
5613,5613,None
5614,5614,None
5615,5615,None
5616,5616,None
5617,5617,None
5618,5618,5.0
5619,5619,5.0
5620,5620,5.0
5621,5621,None
5622,5622,5.0
5623,5623,None
5624,5624,5.0
5625,5625,5.0
5626,5626,5.0
5627,5627,5.0
5628,5628,5.0
5629,5629,5.0
5630,5630,5.0
5631,5631,5.0
5632,5632,5.0
5633,5633,5.0
5634,5634,5.0
5635,5635,5.0
5636,5636,5.0
5637,5637,5.0
5638,5638,5.0
5639,5639,5.0
5640,5640,5.0
5641,5641,5.0
5642,5642,5.0
5643,5643,5.0
5644,5644,5.0
5645,5645,5.0
5646,5646,5.0
5647,5647,5.0
5648,5648,5.0
5649,5649,5.0
5650,5650,5.0
5651,5651,5.0
5652,5652,5.0
5653,5653,5.0
5654,5654,5.0
5655,5655,5.0
5656,5656,5.0
5657,5657,5.0
5658,5658,5.0
5659,5659,5.0
5660,5660,5.0
5661,5661,5.0
5662,5662,5.0
5663,5663,5.0
5664,5664,5.0
5665,5665,5.0
5666,5666,5.0
5667,5667,5.0
5668,5668,None
5669,5669,5.0
5670,5670,5.0
5671,5671,5.0
5672,5672,5.0
5673,5673,5.0
5674,5674,5.0
5675,5675,5.0
5676,5676,5.0
5677,5677,None
5678,5678,None
5679,5679,None
5680,5680,5.0
5681,5681,5.0
5682,5682,None
5683,5683,5.0
5684,5684,None
5685,5685,None
5686,5686,None
5687,5687,None
5688,5688,None
5689,5689,None
5690,5690,None
5691,5691,None
5692,5692,None
5693,5693,None
5694,5694,5.0
5695,5695,5.0
5696,5696,5.0
5697,5697,5.0
5698,5698,5.0
5699,5699,5.0
5700,5700,5.0
5701,5701,5.0
5702,5702,5.0
5703,5703,5.0
5704,5704,5.0
5705,5705,5.0
5706,5706,5.0
5707,5707,5.0
5708,5708,5.0
5709,5709,5.0
5710,5710,5.0
5711,5711,5.0
5712,5712,5.0
5713,5713,5.0
5714,5714,5.0
5715,5715,5.0
5716,5716,5.0
5717,5717,5.0
5718,5718,5.0
5719,5719,5.0
5720,5720,5.0
5721,5721,5.0
5722,5722,5.0
5723,5723,5.0
5724,5724,5.0
5725,5725,5.0
5726,5726,5.0
5727,5727,5.0
5728,5728,None
5729,5729,5.0
5730,5730,5.0
5731,5731,5.0
5732,5732,5.0
5733,5733,5.0
5734,5734,5.0
5735,5735,5.0
5736,5736,5.0
5737,5737,5.0
5738,5738,5.0
5739,5739,5.0
5740,5740,5.0
5741,5741,5.0
5742,5742,5.0
5743,5743,5.0
5744,5744,5.0
5745,5745,5.0
5746,5746,5.0
5747,5747,5.0
5748,5748,5.0
5749,5749,5.0
5750,5750,5.0
5751,5751,5.0
5752,5752,5.0
5753,5753,5.0
5754,5754,5.0
5755,5755,5.0
5756,5756,5.0
5757,5757,5.0
5758,5758,5.0
5759,5759,5.0
5760,5760,5.0
5761,5761,5.0
5762,5762,5.0
5763,5763,5.0
5764,5764,5.0
5765,5765,5.0
5766,5766,5.0
5767,5767,5.0
5768,5768,5.0
5769,5769,5.0
5770,5770,5.0
5771,5771,5.0
5772,5772,5.0
5773,5773,5.0
5774,5774,5.0
5775,5775,5.0
5776,5776,5.0
5777,5777,5.0
5778,5778,5.0
5779,5779,5.0
5780,5780,5.0
5781,5781,5.0
5782,5782,5.0
5783,5783,5.0
5784,5784,5.0
5785,5785,5.0
5786,5786,5.0
5787,5787,5.0
5788,5788,5.0
5789,5789,5.0
5790,5790,5.0
5791,5791,5.0
5792,5792,5.0
5793,5793,5.0
5794,5794,5.0
5795,5795,5.0
5796,5796,5.0
5797,5797,5.0
5798,5798,5.0
5799,5799,5.0
5800,5800,5.0
5801,5801,5.0
5802,5802,5.0
5803,5803,5.0
5804,5804,5.0
5805,5805,5.0
5806,5806,5.0
5807,5807,5.0
5808,5808,5.0
5809,5809,5.0
5810,5810,5.0
5811,5811,5.0
5812,5812,5.0
5813,5813,5.0
5814,5814,5.0
5815,5815,5.0
5816,5816,5.0
5817,5817,5.0
5818,5818,5.0
5819,5819,5.0
5820,5820,5.0
5821,5821,5.0
5822,5822,5.0
5823,5823,5.0
5824,5824,5.0
5825,5825,5.0
5826,5826,5.0
5827,5827,5.0
5828,5828,5.0
5829,5829,5.0
5830,5830,5.0
5831,5831,5.0
5832,5832,5.0
5833,5833,5.0
5834,5834,5.0
5835,5835,5.0
5836,5836,5.0
5837,5837,5.0
5838,5838,5.0
5839,5839,5.0
5840,5840,5.0
5841,5841,5.0
5842,5842,5.0
5843,5843,5.0
5844,5844,5.0
5845,5845,5.0
5846,5846,5.0
5847,5847,5.0
5848,5848,5.0
5849,5849,5.0
5850,5850,5.0
5851,5851,5.0
5852,5852,5.0
5853,5853,5.0
5854,5854,5.0
5855,5855,5.0
5856,5856,5.0
5857,5857,5.0
5858,5858,5.0
5859,5859,5.0
5860,5860,5.0
5861,5861,5.0
5862,5862,5.0
5863,5863,5.0
5864,5864,5.0
5865,5865,5.0
5866,5866,5.0
5867,5867,5.0
5868,5868,5.0
5869,5869,5.0
5870,5870,5.0
5871,5871,5.0
5872,5872,5.0
5873,5873,5.0
5874,5874,5.0
5875,5875,5.0
5876,5876,5.0
5877,5877,5.0
5878,5878,5.0
5879,5879,5.0
5880,5880,5.0
5881,5881,5.0
5882,5882,5.0
5883,5883,5.0
5884,5884,5.0
5885,5885,5.0
5886,5886,None
5887,5887,5.0
5888,5888,5.0
5889,5889,5.0
5890,5890,5.0
5891,5891,5.0
5892,5892,5.0
5893,5893,5.0
5894,5894,5.0
5895,5895,5.0
5896,5896,5.0
5897,5897,5.0
5898,5898,5.0
5899,5899,5.0
5900,5900,5.0
5901,5901,5.0
5902,5902,5.0
5903,5903,5.0
5904,5904,5.0
5905,5905,5.0
5906,5906,5.0
5907,5907,5.0
5908,5908,5.0
5909,5909,5.0
5910,5910,5.0
5911,5911,5.0
5912,5912,5.0
5913,5913,5.0
5914,5914,5.0
5915,5915,5.0
5916,5916,5.0
5917,5917,5.0
5918,5918,5.0
5919,5919,5.0
5920,5920,5.0
5921,5921,5.0
5922,5922,5.0
5923,5923,5.0
5924,5924,5.0
5925,5925,5.0
5926,5926,5.0
5927,5927,5.0
5928,5928,5.0
5929,5929,5.0
5930,5930,5.0
5931,5931,5.0
5932,5932,5.0
5933,5933,5.0
5934,5934,5.0
5935,5935,5.0
5936,5936,5.0
5937,5937,5.0
5938,5938,5.0
5939,5939,5.0
5940,5940,5.0
5941,5941,5.0
5942,5942,5.0
5943,5943,5.0
5944,5944,5.0
5945,5945,5.0
5946,5946,5.0
5947,5947,5.0
5948,5948,5.0
5949,5949,5.0
5950,5950,5.0
5951,5951,5.0
5952,5952,5.0
5953,5953,5.0
5954,5954,5.0
5955,5955,5.0
5956,5956,5.0
5957,5957,5.0
5958,5958,5.0
5959,5959,5.0
5960,5960,5.0
5961,5961,5.0
5962,5962,5.0
5963,5963,5.0
5964,5964,5.0
5965,5965,5.0
5966,5966,5.0
5967,5967,5.0
5968,5968,5.0
5969,5969,5.0
5970,5970,5.0
5971,5971,5.0
5972,5972,5.0
5973,5973,5.0
5974,5974,5.0
5975,5975,5.0
5976,5976,5.0
5977,5977,5.0
5978,5978,5.0
5979,5979,5.0
5980,5980,5.0
5981,5981,5.0
5982,5982,5.0
5983,5983,5.0
5984,5984,5.0
5985,5985,5.0
5986,5986,5.0
5987,5987,5.0
5988,5988,5.0
5989,5989,5.0
5990,5990,5.0
5991,5991,5.0
5992,5992,5.0
5993,5993,5.0
5994,5994,5.0
5995,5995,5.0
5996,5996,5.0
5997,5997,5.0
5998,5998,5.0
5999,5999,5.0
6000,6000,5.0
6001,6001,5.0
6002,6002,5.0
6003,6003,5.0
6004,6004,5.0
6005,6005,5.0
6006,6006,5.0
6007,6007,5.0
6008,6008,5.0
6009,6009,5.0
6010,6010,5.0
6011,6011,5.0
6012,6012,5.0
6013,6013,5.0
6014,6014,5.0
6015,6015,5.0
6016,6016,5.0
6017,6017,5.0
6018,6018,5.0
6019,6019,5.0
6020,6020,5.0
6021,6021,5.0
6022,6022,5.0
6023,6023,5.0
6024,6024,5.0
6025,6025,5.0
6026,6026,5.0
6027,6027,5.0
6028,6028,5.0
6029,6029,5.0
6030,6030,5.0
6031,6031,5.0
6032,6032,5.0
6033,6033,5.0
6034,6034,5.0
6035,6035,5.0
6036,6036,5.0
6037,6037,5.0
6038,6038,5.0
6039,6039,5.0
6040,6040,5.0
6041,6041,5.0
6042,6042,5.0
6043,6043,5.0
6044,6044,5.0
6045,6045,5.0
6046,6046,5.0
6047,6047,5.0
6048,6048,None
6049,6049,None
6050,6050,5.0
6051,6051,5.0
6052,6052,5.0
6053,6053,5.0
6054,6054,5.0
6055,6055,5.0
6056,6056,5.0
6057,6057,None
6058,6058,5.0
6059,6059,5.0
6060,6060,5.0
6061,6061,5.0
6062,6062,5.0
6063,6063,5.0
6064,6064,5.0
6065,6065,5.0
6066,6066,5.0
6067,6067,5.0
6068,6068,5.0
6069,6069,5.0
6070,6070,5.0
6071,6071,5.0
6072,6072,5.0
6073,6073,5.0
6074,6074,5.0
6075,6075,5.0
6076,6076,5.0
6077,6077,5.0
6078,6078,5.0
6079,6079,5.0
6080,6080,5.0
6081,6081,5.0
6082,6082,5.0
6083,6083,5.0
6084,6084,None
6085,6085,5.0
6086,6086,5.0
6087,6087,5.0
6088,6088,5.0
6089,6089,5.0
6090,6090,5.0
6091,6091,5.0
6092,6092,5.0
6093,6093,5.0
6094,6094,5.0
6095,6095,5.0
6096,6096,5.0
6097,6097,5.0
6098,6098,5.0
6099,6099,5.0
6100,6100,5.0
6101,6101,5.0
6102,6102,5.0
6103,6103,5.0
6104,6104,5.0
6105,6105,5.0
6106,6106,5.0
6107,6107,5.0
6108,6108,5.0
6109,6109,5.0
6110,6110,5.0
6111,6111,5.0
6112,6112,5.0
6113,6113,5.0
6114,6114,5.0
6115,6115,5.0
6116,6116,5.0
6117,6117,5.0
6118,6118,5.0
6119,6119,5.0
6120,6120,5.0
6121,6121,5.0
6122,6122,5.0
6123,6123,5.0
6124,6124,5.0
6125,6125,5.0
6126,6126,5.0
6127,6127,5.0
6128,6128,5.0
6129,6129,5.0
6130,6130,5.0
6131,6131,5.0
6132,6132,None
6133,6133,5.0
6134,6134,5.0
6135,6135,5.0
6136,6136,5.0
6137,6137,5.0
6138,6138,5.0
6139,6139,5.0
6140,6140,5.0
6141,6141,5.0
6142,6142,5.0
6143,6143,5.0
6144,6144,5.0
6145,6145,5.0
6146,6146,5.0
6147,6147,5.0
6148,6148,5.0
6149,6149,5.0
6150,6150,5.0
6151,6151,5.0
6152,6152,5.0
6153,6153,5.0
6154,6154,5.0
6155,6155,5.0
6156,6156,5.0
6157,6157,5.0
6158,6158,5.0
6159,6159,5.0
6160,6160,5.0
6161,6161,5.0
6162,6162,5.0
6163,6163,5.0
6164,6164,5.0
6165,6165,5.0
6166,6166,5.0
6167,6167,5.0
6168,6168,5.0
6169,6169,5.0
6170,6170,5.0
6171,6171,5.0
6172,6172,5.0
6173,6173,5.0
6174,6174,5.0
6175,6175,5.0
6176,6176,5.0
6177,6177,5.0
6178,6178,5.0
6179,6179,5.0
6180,6180,5.0
6181,6181,5.0
6182,6182,5.0
6183,6183,5.0
6184,6184,5.0
6185,6185,5.0
6186,6186,5.0
6187,6187,5.0
6188,6188,5.0
6189,6189,5.0
6190,6190,5.0
6191,6191,5.0
6192,6192,5.0
6193,6193,5.0
6194,6194,5.0
6195,6195,5.0
6196,6196,5.0
6197,6197,5.0
6198,6198,5.0
6199,6199,5.0
6200,6200,5.0
6201,6201,5.0
6202,6202,5.0
6203,6203,5.0
6204,6204,5.0
6205,6205,5.0
6206,6206,5.0
6207,6207,5.0
6208,6208,5.0
6209,6209,5.0
6210,6210,5.0
6211,6211,5.0
6212,6212,5.0
6213,6213,5.0
6214,6214,5.0
6215,6215,5.0
6216,6216,5.0
6217,6217,5.0
6218,6218,5.0
6219,6219,5.0
6220,6220,5.0
6221,6221,5.0
6222,6222,5.0
6223,6223,5.0
6224,6224,5.0
6225,6225,5.0
6226,6226,5.0
6227,6227,5.0
6228,6228,5.0
6229,6229,5.0
6230,6230,5.0
6231,6231,5.0
6232,6232,5.0
6233,6233,5.0
6234,6234,5.0
6235,6235,5.0
6236,6236,5.0
